channelId,id_video,title,published_at
UC9hWb5udOw3D6di5bKeWMYw,CmpP20Zg5Nk,a melhor pagina da inthernet,2022-05-19T21:00:09Z
UC9hWb5udOw3D6di5bKeWMYw,Uses7ZvyZVU,Ate um homem chora vendo isso :(,2022-11-28T21:18:18Z
UC9hWb5udOw3D6di5bKeWMYw,HVUGkpkVujA,humor de quinta série,2022-02-19T21:00:05Z
UC9hWb5udOw3D6di5bKeWMYw,SUgY3ZFFkSs,o quiz mais obscuro da inthernet,2022-01-27T21:30:03Z
UC9hWb5udOw3D6di5bKeWMYw,7WvnqCxojGI,Esse tiktoker é doido,2023-05-09T21:00:05Z
UC9hWb5udOw3D6di5bKeWMYw,WhsDBRcWZ-M,Memes que deus expulsaria do ceu,2022-10-10T21:00:30Z
UC9hWb5udOw3D6di5bKeWMYw,jM4PWcFwLg8,Pessoas passando dos limites no tiktok...,2023-06-24T21:00:16Z
UC9hWb5udOw3D6di5bKeWMYw,qkBpL1PFFwc,Isso foi estranhamente aterrorizante.,2022-04-04T21:00:17Z
UC9hWb5udOw3D6di5bKeWMYw,UVBbe3_J_nw,Gay versus homem (emocionante),2023-03-22T00:00:11Z
UC9hWb5udOw3D6di5bKeWMYw,QB4Wj8ZTB80,video 100,2022-11-10T21:00:23Z
UC9hWb5udOw3D6di5bKeWMYw,8a6cdvQtxjw,até o diabo treme vendo isso,2022-07-27T21:00:03Z
UC9hWb5udOw3D6di5bKeWMYw,91UsSdSa-OU,provas que o ser humano deveria ser extinto,2024-12-15T21:00:06Z
UC9hWb5udOw3D6di5bKeWMYw,RYDjFjhywJA,A antiga moda das 100 camadas,2023-09-27T22:33:01Z
UC9hWb5udOw3D6di5bKeWMYw,6g9AL_LySw4,O pior repórter do mundo,2024-09-10T23:00:06Z
UC9hWb5udOw3D6di5bKeWMYw,BaYq3HPr-9o,explica essa critica,2023-07-13T23:00:06Z
UC9hWb5udOw3D6di5bKeWMYw,C-9vZ0_zvrE,O programa mais cabuloso da televisão,2022-11-22T23:00:06Z
UC9hWb5udOw3D6di5bKeWMYw,Cm7_eEGksKI,O tiktok mais forçado de todos os tempos,2022-08-07T21:53:58Z
UC9hWb5udOw3D6di5bKeWMYw,nU3pJDfGnlo,Mulher chamou a polícia porque o filho dele é branco,2022-12-04T21:00:13Z
UC9hWb5udOw3D6di5bKeWMYw,Qpq43Xf6b2Q,é por isso que eu odeio o discord,2024-10-25T21:00:14Z
UC9hWb5udOw3D6di5bKeWMYw,Fc5APOmzYfA,Quando canais infantis passam dos limites.,2023-11-02T21:03:11Z
UC9hWb5udOw3D6di5bKeWMYw,-795-x0dbBY,esse vídeo é AMALDIÇOADO,2022-06-02T21:00:00Z
UC9hWb5udOw3D6di5bKeWMYw,_RJOqZZtnSg,os status mais aleatórios do zap zap,2023-07-31T21:33:11Z
UC9hWb5udOw3D6di5bKeWMYw,1R_h6X-Pfpw,Coisas escritas erradas,2022-02-11T21:00:02Z
UC9hWb5udOw3D6di5bKeWMYw,QLITwARqB28,Conversas extremamente aleatorias,2022-10-18T23:00:16Z
UC9hWb5udOw3D6di5bKeWMYw,C3cjjRP6rc0,Imagens que deixam alguns tristes :/,2022-07-22T21:00:05Z
UC9hWb5udOw3D6di5bKeWMYw,h6Cowi3phBE,Porque a inthernet e genial,2023-08-23T21:00:15Z
UC9hWb5udOw3D6di5bKeWMYw,Sek7Wrm9Tg8,o macabro vai dar namoro do tiktok,2024-08-26T22:00:31Z
UC9hWb5udOw3D6di5bKeWMYw,hibZGfakUB0,ok isso foi inesperado,2023-04-07T15:00:28Z
UC9hWb5udOw3D6di5bKeWMYw,oPAViyAo-Ps,pessoas sendo burras na televisão,2024-01-11T21:00:31Z
UC9hWb5udOw3D6di5bKeWMYw,YhC9_THNMvU,o caneta azul chines do tiktok,2023-01-06T21:36:55Z
UC9hWb5udOw3D6di5bKeWMYw,5c0Tktyyv0U,Imagens em baixa qualidade com textos duvidosos,2023-01-15T15:18:28Z
UC9hWb5udOw3D6di5bKeWMYw,5cBr71g4_jM,Isso era pra ser uma animação de chaves?,2022-08-24T21:00:03Z
UC9hWb5udOw3D6di5bKeWMYw,G3h8ZQBYC1A,É por isso que eu odeio crianças na inthernet,2023-03-05T23:00:12Z
UC9hWb5udOw3D6di5bKeWMYw,cwTHIsWHBPc,Vídeos impossíveis de ver até o final.,2023-02-18T21:30:02Z
UC9hWb5udOw3D6di5bKeWMYw,Aq0QdmXEKWI,o incrível chat do uber,2022-05-14T22:00:03Z
UC9hWb5udOw3D6di5bKeWMYw,KgiQnN_uEYY,youtubers saindo pra caçar o diabo,2024-07-27T23:00:10Z
UC9hWb5udOw3D6di5bKeWMYw,FiKBWR-twBI,Isso provavelmente foi feito por um nóia,2022-12-21T21:52:56Z
UC9hWb5udOw3D6di5bKeWMYw,CgHiS4PV1wg,Xingamentos sem motivo na inthernet,2023-08-09T15:15:00Z
UC9hWb5udOw3D6di5bKeWMYw,IFg5GHHqR3w,humor feminino.,2024-02-06T21:00:18Z
UC9hWb5udOw3D6di5bKeWMYw,PBfi0fzfwJc,só aposta quem é BURRO,2025-03-29T21:00:17Z
UC9hWb5udOw3D6di5bKeWMYw,DZuf9Z0uZUM,o youtuber mais cabuloso de todos,2024-01-30T22:00:09Z
UC9hWb5udOw3D6di5bKeWMYw,GO7gnKenaFc,o japones mais cabuloso do tiktok,2022-07-06T21:00:14Z
UC9hWb5udOw3D6di5bKeWMYw,IgjaL7jifFE,Assombrações com frases cotidianas,2022-12-12T21:00:09Z
UC9hWb5udOw3D6di5bKeWMYw,KghTXh5KE2g,Os terriveis videos de 3 da manha,2024-06-03T23:00:15Z
UC9hWb5udOw3D6di5bKeWMYw,dHjzPHqEJ_o,os videos no tiktok estao ficando cabulosos...,2024-06-22T23:30:06Z
UC9hWb5udOw3D6di5bKeWMYw,Pd92IDyX6Hc,COACH NA NET,2024-05-14T22:23:18Z
UC9hWb5udOw3D6di5bKeWMYw,cPRURNSkR5Y,Youtube fora de contexto,2024-11-15T21:00:22Z
UC9hWb5udOw3D6di5bKeWMYw,Zp5wTH0-igQ,cade a virgula?,2022-07-17T21:00:12Z
UC9hWb5udOw3D6di5bKeWMYw,bnjvEGRgt6g,Fui hackeado mas vou ver memes pra me consolar,2024-12-05T21:00:26Z
UC9hWb5udOw3D6di5bKeWMYw,rJp2y94qty4,a pior websérie ja feita,2022-11-02T21:00:21Z
UC9hWb5udOw3D6di5bKeWMYw,xwnMjTsAw5Y,o homem mais cabuloso do tiktok,2022-03-08T21:00:35Z
UC9hWb5udOw3D6di5bKeWMYw,zmHTqEayTbc,o ASMR indiano é bizarro...,2024-07-03T22:49:28Z
UC9hWb5udOw3D6di5bKeWMYw,t4AWFZVFfDI,desenhos macabros com frases cotidianas,2023-04-19T21:00:32Z
UC9hWb5udOw3D6di5bKeWMYw,1uJxiK03RT4,Anão sendo maltratado por visualizações *muito triste*,2023-10-12T21:00:02Z
UC9hWb5udOw3D6di5bKeWMYw,2AANvkvsVFU,MITADAS NA NET 😎,2022-09-28T22:00:00Z
UC9hWb5udOw3D6di5bKeWMYw,VGbBIQrdIV0,a incrível escola brasileira,2024-10-22T21:00:30Z
UC9hWb5udOw3D6di5bKeWMYw,YyIbnB7igmY,comentários bons (horriveis),2025-03-08T15:00:45Z
UC9hWb5udOw3D6di5bKeWMYw,rEqm3UyH9hc,FURRY NA NET,2022-05-07T23:00:26Z
UC9hWb5udOw3D6di5bKeWMYw,fQkHkn5ZzzE,pessoas sendo extremamente burras,2023-02-08T00:00:22Z
UC9hWb5udOw3D6di5bKeWMYw,g4sAURC-4_g,MACHO ALFA NA NET,2022-06-23T21:00:30Z
UC9hWb5udOw3D6di5bKeWMYw,xXvb5v2mHBQ,como funciona a mente de um redpill,2024-03-17T21:43:07Z
UC9hWb5udOw3D6di5bKeWMYw,ERoSmS18OYE,Apenas pessoas chatas vão gostar desse video,2023-01-25T21:49:52Z
UC9hWb5udOw3D6di5bKeWMYw,gxJPRl6hfRg,É impossível ver esse vídeo até o final,2022-02-02T21:00:17Z
UC9hWb5udOw3D6di5bKeWMYw,LJzJ-pZYmSY,voce bateria nesse macaco?,2022-10-05T21:00:09Z
UC9hWb5udOw3D6di5bKeWMYw,qkV3ysY9VJ4,ele ficou famoso por peidar no tiktok,2023-04-25T23:25:50Z
UC9hWb5udOw3D6di5bKeWMYw,UsZj_q0YDs0,Isso era pra ser um vídeo de lição de moral?,2022-05-24T21:00:20Z
UC9hWb5udOw3D6di5bKeWMYw,lzwaqTWjboA,pessoas levando lapadas virtuais,2023-07-05T21:00:54Z
UC9hWb5udOw3D6di5bKeWMYw,QN938KprmOI,as mais duvidosas receitas de comida,2023-05-02T21:40:32Z
UC9hWb5udOw3D6di5bKeWMYw,Qv5SpjBb7Do,Top 10 funerais 💀(escolha o seu),2022-08-31T21:43:30Z
UC9hWb5udOw3D6di5bKeWMYw,CxpT1LiMDp4,Melhores momentos da criminalidade,2024-10-29T21:00:14Z
UC9hWb5udOw3D6di5bKeWMYw,SnbVgV3NHXU,Só os inteligentes vão entender,2022-03-23T21:00:10Z
UC9hWb5udOw3D6di5bKeWMYw,_1IqvsDHBOo,Nem você esperava por isso...,2022-09-21T21:00:15Z
UC9hWb5udOw3D6di5bKeWMYw,o6WazEu9nmo,GORD0 NA NET,2024-02-28T21:00:35Z
UC9hWb5udOw3D6di5bKeWMYw,WtJ2Lyb9Zfg,Essas pegadinhas no youtube precisam acabar,2023-11-21T21:39:13Z
UC9hWb5udOw3D6di5bKeWMYw,de8mvmaGRr4,o careca mais cabuloso que eu ja vi,2023-05-18T21:00:16Z
UC9hWb5udOw3D6di5bKeWMYw,LrPPKA2upUU,memes duvidosos e ao pé da letra,2023-06-16T23:00:14Z
UC9hWb5udOw3D6di5bKeWMYw,2kAszhWgamY,Roubou o cartão de crédito da mãe pra comprar robux,2022-06-12T21:00:01Z
UC9hWb5udOw3D6di5bKeWMYw,MxTvDdV80zM,perca a fé na humanidade nesse vídeo,2022-01-17T21:15:00Z
UC9hWb5udOw3D6di5bKeWMYw,M_JTaK_UYOA,Provando que seu humor é quebrado,2023-03-11T15:03:11Z
UC9hWb5udOw3D6di5bKeWMYw,I9y71nRB-eU,as piores vagas de emprego,2023-09-15T21:00:09Z
UC9hWb5udOw3D6di5bKeWMYw,Wbu7_id0k6Y,O elfo do tiktok,2022-04-21T23:30:05Z
UC9hWb5udOw3D6di5bKeWMYw,Hb_Ss4kVoDU,Vídeos difíceis de ver até o final,2024-12-20T23:00:12Z
UC9hWb5udOw3D6di5bKeWMYw,csVfIfk1FaU,Mãe Acusa Amigo Negro do Filho de Roubar (emocionante 😭),2022-09-12T21:00:15Z
UC9hWb5udOw3D6di5bKeWMYw,xeiYq3QEUPo,Esse homem levou os desafios no youtube longe demais.,2023-12-16T21:00:21Z
UC9hWb5udOw3D6di5bKeWMYw,pr0a0wNIvN8,GAMER NA NET,2022-01-10T21:00:19Z
UC9hWb5udOw3D6di5bKeWMYw,m_nehkKwPeM,Coisas que as mulheres só gostam na inthernet,2022-04-15T21:00:18Z
UC9hWb5udOw3D6di5bKeWMYw,MFpxydD4cOM,comentários daquele site lá,2023-07-20T23:00:13Z
UC9hWb5udOw3D6di5bKeWMYw,An7E9mLvpyw,noticias fora de contexto,2022-04-28T21:00:03Z
UC9hWb5udOw3D6di5bKeWMYw,sJZBaRAwWR8,pessoas levando fora,2022-04-09T21:00:19Z
UC9hWb5udOw3D6di5bKeWMYw,je2JgkghHYE,coisas burras ditas de forma inteligente,2022-08-13T21:00:30Z
UC9hWb5udOw3D6di5bKeWMYw,JrjKkw4lCdc,Memes para pessoas tristes 😢😢,2022-09-06T21:00:07Z
UC9hWb5udOw3D6di5bKeWMYw,TXFrf8r-UW0,prints com final inesperado,2022-03-15T21:00:09Z
UC9hWb5udOw3D6di5bKeWMYw,alaouy9AlRM,como pegar mulher por mensagem,2024-11-05T21:00:02Z
UC9hWb5udOw3D6di5bKeWMYw,Wwib-WTY3s4,pelo menos ele foi sincero...,2023-05-27T21:51:52Z
UC9hWb5udOw3D6di5bKeWMYw,pSZCqIl8OcA,os macabros comentários do x-vidros,2024-11-30T21:24:44Z
UCaKEqmX7HJGIf75b4VJVGDA,2EaeD69dEr8,o VSM é uma heurística. #vsm #psicologia #cultura,2024-01-29T20:01:01Z
UCaKEqmX7HJGIf75b4VJVGDA,m33y2GMwwTk,o que homens e mulheres querem em um parceiro? #amor #cultura #psicologia,2024-02-06T14:05:03Z
UCaKEqmX7HJGIf75b4VJVGDA,Iog88SQLfPM,MULHER DE ALTO VALOR - Por que os rótulos são perigosos,2022-12-12T22:00:07Z
UCaKEqmX7HJGIf75b4VJVGDA,eQp8vTH9Rrg,"O que você precisa saber sobre Adolescência, nova série da Netflix",2025-04-02T17:21:43Z
UCaKEqmX7HJGIf75b4VJVGDA,MAAe9jpzFTw,Quando o homem paga a conta. #cultura #amor #relacionamento,2024-02-05T21:32:19Z
UCaKEqmX7HJGIf75b4VJVGDA,ULX3P9QGUpM,sobre Zygmunt Bauman e Amor Líquido.,2025-03-07T21:46:44Z
UCaKEqmX7HJGIf75b4VJVGDA,FQdUG56d9Kk,"se você não me ama, me odeie. Shiv Roy. #cultura #psicologia #seriados #succession",2024-02-08T13:58:03Z
UCaKEqmX7HJGIf75b4VJVGDA,C_HT7IfNzAI,Amor Líquido,2025-03-07T21:18:35Z
UCaKEqmX7HJGIf75b4VJVGDA,TLGey4aJI78,A história de amor mais bonita de O Senhor dos Anéis. #cultura #lordoftheringsfan #psicologia,2024-02-08T22:57:33Z
UCaKEqmX7HJGIf75b4VJVGDA,7r_T_0f6SwE,a comunicação dos irmãos Roy em Succession #cultura #succession #seriados,2024-02-07T10:25:49Z
UCaKEqmX7HJGIf75b4VJVGDA,uLXm_KC6Gg4,Relacionamentos amorosos com Inteligência Artificial já são realidade. Mas são saudáveis?,2023-06-02T21:35:06Z
UCaKEqmX7HJGIf75b4VJVGDA,142d0tDc-qE,Casamento Tudo ou Nada,2022-08-27T17:33:07Z
UCaKEqmX7HJGIf75b4VJVGDA,gv5Gn3DOVro,violência patrimonial #cultura #psicologia #finanças,2024-03-07T18:04:13Z
UCaKEqmX7HJGIf75b4VJVGDA,Xvv2nJoqVHU,O narcisista Logan Roy. #cultura #psicologia #seriados #succession,2024-02-07T13:14:22Z
UCaKEqmX7HJGIf75b4VJVGDA,dvSm3nsaVEI,O fracasso da Geração Z | Livro | The Coddling of the American Mind,2023-03-17T12:51:42Z
UCaKEqmX7HJGIf75b4VJVGDA,TmQKLdXmBvo,A história de amor mais bonita em O Senhor dos Anéis,2023-12-13T22:55:47Z
UCaKEqmX7HJGIf75b4VJVGDA,citIe7hhpZI,Maximizer Vs. Satisficer: Quem é você na hora da escolha?,2022-11-28T22:00:13Z
UCaKEqmX7HJGIf75b4VJVGDA,TBvSmZgtJT8,A família Roy em Succession,2023-06-13T00:27:18Z
UCaKEqmX7HJGIf75b4VJVGDA,K0I4otJ6PZ0,"Pedro Pascal para as mulheres, Andrew Tate para os homens?",2023-05-09T15:38:12Z
UCaKEqmX7HJGIf75b4VJVGDA,g5B-6Fs0Lis,O que são DISTORÇÕES COGNITIVAS? - Conceitos básicos de Terapia Cognitivo Comportamental (TCC),2023-02-13T22:00:26Z
UCaKEqmX7HJGIf75b4VJVGDA,gYo8f4OXMDw,Qual é a melhor fase da vida?,2023-08-10T18:45:34Z
UCaKEqmX7HJGIf75b4VJVGDA,g2DiSsHYvsU,Orgulho e Preconceito é um filme perfeito,2025-07-31T22:00:50Z
UCaKEqmX7HJGIf75b4VJVGDA,pYClYUf_Hv4,#childactor #cinema #hollywood,2025-06-04T11:39:40Z
UCaKEqmX7HJGIf75b4VJVGDA,feZyJzefg5A,Negging - A manipulação pelo elogio,2022-11-24T22:00:26Z
UCaKEqmX7HJGIf75b4VJVGDA,uXeeP8tIBcU,#series #netflix #badinfluence,2025-06-11T00:44:03Z
UCaKEqmX7HJGIf75b4VJVGDA,_I7QtBZT6-Q,apego evitativo em relacionamentos. #psicologia #relacionamentos,2024-06-01T17:46:28Z
UCaKEqmX7HJGIf75b4VJVGDA,KC55mQTGt1o,Vale a pena ter conta conjunta? Como organizar as finanças do casal.,2024-03-01T22:19:37Z
UCaKEqmX7HJGIf75b4VJVGDA,LqTjJoaIbjk,O Lado Sombrio dos Influencers Mirins,2025-05-29T14:38:38Z
UCaKEqmX7HJGIf75b4VJVGDA,mqOxo5Jg4Gc,Ta tudo bem.,2023-05-11T21:59:46Z
UCaKEqmX7HJGIf75b4VJVGDA,-5M9O0FFV7s,O que é o amor?,2022-10-31T22:00:25Z
UCaKEqmX7HJGIf75b4VJVGDA,yOPjaagnELs,A verdade sobre ser feliz sozinho,2023-01-23T23:20:35Z
UCaKEqmX7HJGIf75b4VJVGDA,I9M5aMTiDic,Não seja manipulado pelo medo,2023-02-20T22:00:05Z
UCaKEqmX7HJGIf75b4VJVGDA,UyOFoicsoA0,Raciocínio emocional,2023-03-17T13:46:51Z
UCaKEqmX7HJGIf75b4VJVGDA,KxtngpMRey0,#series #netflix #adolescence,2025-06-04T01:44:55Z
UCaKEqmX7HJGIf75b4VJVGDA,Ec9fT1VFGHI,Morar Junto Antes de Casar Vale a Pena?,2022-10-20T22:00:14Z
UCaKEqmX7HJGIf75b4VJVGDA,ZrjTKPPsxa8,Você só conhece alguém de verdade quando mora junto?,2022-10-24T22:00:30Z
UCaKEqmX7HJGIf75b4VJVGDA,4r29dwbPmXk,A Revolução Sexual acabou com os relacionamentos? - Série Conversas - com Joe Duncan - Parte 1,2023-03-06T22:27:53Z
UCaKEqmX7HJGIf75b4VJVGDA,NbphW4fIEqI,A psicologia de revelar seus objetivos - PRÓS E CONTRAS,2022-12-05T22:00:16Z
UCaKEqmX7HJGIf75b4VJVGDA,F1blaWIyREg,valorize os sonhos do seu parceiro. #cultura #psicologia #relacionamento,2024-03-02T14:15:41Z
UCaKEqmX7HJGIf75b4VJVGDA,pQH9pw4VCSc,O que é Mankeeping?,2025-08-12T15:56:35Z
UCaKEqmX7HJGIf75b4VJVGDA,8n2fWY6cRBo,"os trabalhos de Aragorn, o rei exilado. #cultura #lordoftherings #tolkien #livros",2024-02-09T18:41:03Z
UCaKEqmX7HJGIf75b4VJVGDA,OU2p5HPAtKM,Traição - Por que os homens tem tanto medo? - Série Conversas - com Joe Duncan - Parte 4,2023-03-06T22:15:00Z
UCaKEqmX7HJGIf75b4VJVGDA,WAy5DgFv2PE,As dificuldades dos homens nos relacionamentos atuais - Série Conversas - com Joe Duncan - Parte 5,2023-03-06T22:20:00Z
UCaKEqmX7HJGIf75b4VJVGDA,bB4KnvUxEqM,#feminismo #history #historia,2023-07-28T13:29:37Z
UCaKEqmX7HJGIf75b4VJVGDA,8NJsZMLweyg,Você fica com vontade de SUMIR?,2022-12-08T22:00:04Z
UCaKEqmX7HJGIf75b4VJVGDA,6hbAZ1DtFt4,o seu parceiro controla o cartão de crédito? #cultura #relacionamento #finanças,2024-03-06T21:58:07Z
UCaKEqmX7HJGIf75b4VJVGDA,njkoF7W4oTs,Como calcular o valor do seu parceiro? #cultura #amor #psicologia #relacionamento #vsm,2024-02-06T19:20:01Z
UCaKEqmX7HJGIf75b4VJVGDA,DZWthG_cE2k,"O que aprendi com Nassim Taleb - Antifrágil, Cisne Negro e mais",2023-11-16T22:00:06Z
UCaKEqmX7HJGIf75b4VJVGDA,bOYD6dUJSSs,#netflix #sereias #sirens,2025-05-30T21:40:33Z
UCaKEqmX7HJGIf75b4VJVGDA,WuT4UHO2hOs,BoJack Horseman e por que você não pode fugir de quem você é,2022-10-27T22:00:31Z
UCaKEqmX7HJGIf75b4VJVGDA,UXSaYGTQivo,O Segundo Turno e o Impacto do Trabalho Doméstico nos Relacionamentos,2022-09-10T18:09:49Z
UCaKEqmX7HJGIf75b4VJVGDA,byR4PmBZs70,Sobre certezas e dúvidas. #psicologia #cultura,2023-07-30T16:14:18Z
UCaKEqmX7HJGIf75b4VJVGDA,s_dirx75cjw,"o que vem primeiro, a conta conjunta ou a qualidade conjugal? #psicologia #relacionamentos #finanças",2024-03-06T16:57:55Z
UCaKEqmX7HJGIf75b4VJVGDA,aWAF8boy_BY,Vamos conversar - O medo está travando os seus relacionamentos?,2024-12-20T16:32:25Z
UCaKEqmX7HJGIf75b4VJVGDA,qoOMZZ832ns,confie em quem é capaz de aprender com seus erros. #nassimtaleb #cisnenegro #antifragil,2023-11-16T16:59:35Z
UCaKEqmX7HJGIf75b4VJVGDA,VUc1gdrcmXk,O que é Inteligência Emocional?,2025-07-23T22:00:38Z
UCaKEqmX7HJGIf75b4VJVGDA,e4qZ6DtcYEo,Feminismo,2023-07-20T22:00:19Z
UCaKEqmX7HJGIf75b4VJVGDA,YavNZ-C_FAY,Energias Masculina e Feminina - Série Conversas - com Joe Duncan - Parte 3,2023-03-06T22:10:00Z
UCaKEqmX7HJGIf75b4VJVGDA,94VRrZX7M-Y,#series #netflix #filmes #cinema,2025-06-05T02:15:17Z
UCaKEqmX7HJGIf75b4VJVGDA,0gZTim5o9PE,Não tentar para não sofrer.,2024-02-08T10:30:36Z
UCaKEqmX7HJGIf75b4VJVGDA,qEYYnEy2y4Y,VSM - Valor Sexual de Mercado: o que você precisa saber,2024-01-29T22:00:21Z
UCaKEqmX7HJGIf75b4VJVGDA,TtYSrtMJrLA,Por que as mulheres gostam dos Bad Boys?,2022-11-07T22:00:10Z
UCaKEqmX7HJGIf75b4VJVGDA,Lu9KI1cp7B8,O Tradicionalismo está em alta? - Série Conversas - com Joe Duncan - Parte 2,2023-03-06T22:05:00Z
UCaKEqmX7HJGIf75b4VJVGDA,QaHzLysnHrY,os planos sequência ousados de Adolescência. #netflix #series #adolescencenetflix,2025-06-04T02:26:00Z
UCaKEqmX7HJGIf75b4VJVGDA,yt9vn0_a-eE,a escolha intencional de usar planos sequência em Adolescência. #series #netflix #adolescence,2025-06-03T21:49:27Z
UCaKEqmX7HJGIf75b4VJVGDA,NMzIf-Lgi7g,Quem paga a conta no primeiro encontro?,2024-02-05T22:00:11Z
UCaKEqmX7HJGIf75b4VJVGDA,jRiXrSpZzvk,e o feminismo? vídeo completo já no canal #redpill #feminismo,2023-07-27T18:58:18Z
UCaKEqmX7HJGIf75b4VJVGDA,T0Un_vXVarM,Comentando o movimento RED PILL da &quot;machosfera&quot;,2023-01-30T22:00:10Z
UCaKEqmX7HJGIf75b4VJVGDA,M6UGvwcPFEY,#cultura #relaciomento #tradwife #ballerinafarm,2024-07-29T00:53:55Z
UCaKEqmX7HJGIf75b4VJVGDA,lKfTPn5w8R0,cafeína e ansiedade. #psicologia #cafe #ansiedade,2025-07-24T16:12:12Z
UCSpUAJw93VIHVn8k-JP8NTQ,_2sW6ScZJec,Homem não busca relacionamento,2022-05-08T15:00:14Z
UCSpUAJw93VIHVn8k-JP8NTQ,Tc8LrCd35Cg,Ver seu story não significa nada,2022-05-06T15:00:28Z
UCSpUAJw93VIHVn8k-JP8NTQ,FEjERFWYw4c,O que fazer pra “pegar” a gostosa do seu trabalho… #desenvolvimentopessoal #relacionamento #vsm,2022-01-17T15:00:15Z
UCSpUAJw93VIHVn8k-JP8NTQ,XoAWyD5_zQo,Faça isso quando ela curtir seu story!,2022-06-07T23:00:22Z
UCSpUAJw93VIHVn8k-JP8NTQ,5cQWjqtVljA,Caiu no golpe 🤦🏽‍♂️,2022-01-27T23:00:02Z
UCSpUAJw93VIHVn8k-JP8NTQ,c21_C6YsN7M,Melhor jeito de pedir o WhatsApp,2022-05-23T15:00:17Z
UCSpUAJw93VIHVn8k-JP8NTQ,Rq4o6KeA1ug,Quem tem que pagar a conta?,2022-04-17T15:00:13Z
UCSpUAJw93VIHVn8k-JP8NTQ,yHovwA-NAHw,Feche a boca e vai treinar!,2022-05-22T15:00:22Z
UCSpUAJw93VIHVn8k-JP8NTQ,YUVnygONYdw,5 Coisas Que o Homem Deve Fazer Antes dos 30,2025-10-05T21:00:27Z
UCSpUAJw93VIHVn8k-JP8NTQ,kwGuzaxoBnw,O que fazer quando ela não responder sua mensagem,2022-01-10T16:00:23Z
UCSpUAJw93VIHVn8k-JP8NTQ,VcPKzX7xVnw,"Não persiga mulheres, cuide de você e elas virão até você",2023-02-16T19:00:12Z
UCSpUAJw93VIHVn8k-JP8NTQ,f0zgUo1tPeo,Por Que Elas Gostam dos Cafajestes? #sedução #relacionamento,2025-10-04T18:14:52Z
UCSpUAJw93VIHVn8k-JP8NTQ,0IP5f4rhAyc,Não existe amizade entre homem e mulher!,2022-03-26T15:00:00Z
UCSpUAJw93VIHVn8k-JP8NTQ,MGoeSoiAb-o,Aja assim se sua namorada já pegou algum amigo seu! #desenvolvimentopessoal #relacionamento #vsm,2022-01-12T15:00:26Z
UCSpUAJw93VIHVn8k-JP8NTQ,Gi0D9L5NkJ0,Toda mulher que deu mancada merece isso,2023-02-04T19:00:13Z
UCSpUAJw93VIHVn8k-JP8NTQ,Ngodh0VYGPo,Não existe mulher difícil,2022-02-27T15:00:21Z
UCSpUAJw93VIHVn8k-JP8NTQ,C83SFgalF8E,Não volte com a ex!,2022-03-24T14:59:51Z
UCSpUAJw93VIHVn8k-JP8NTQ,8u6zbgiXs2Y,Não trate vagabunda como se fosse dama,2023-02-17T19:00:03Z
UCSpUAJw93VIHVn8k-JP8NTQ,entWkYheITE,Vai trabalhar!,2022-04-05T17:20:00Z
UCSpUAJw93VIHVn8k-JP8NTQ,O8576qqd7ks,"SE ELA DER ESSES SINAIS, ELA ESTÁ INDO PRO PRÓXIMO HOMEM",2025-01-10T15:31:49Z
UCSpUAJw93VIHVn8k-JP8NTQ,KXw3Whutoog,Como manter um relacionamento,2023-02-07T21:00:13Z
UCSpUAJw93VIHVn8k-JP8NTQ,5A3mMaVksWk,Demore pra responder por isso.,2022-04-14T15:00:02Z
UCSpUAJw93VIHVn8k-JP8NTQ,dSchz07Jwc0,Pare de viver uma ilusão!,2022-05-21T15:00:32Z
UCSpUAJw93VIHVn8k-JP8NTQ,KtOeqs2oA6E,Agregue valor sempre,2022-02-05T15:00:09Z
UCSpUAJw93VIHVn8k-JP8NTQ,KKE30gmdjZw,Fuja desse tipo de mulher,2022-01-26T18:33:01Z
UCSpUAJw93VIHVn8k-JP8NTQ,4mbYtzzNa9o,Homem não escolhe a roupa da mulher!,2023-02-15T19:00:02Z
UCSpUAJw93VIHVn8k-JP8NTQ,feRDDpzxN58,O AMOR DA SUA VIDA HOJE PODE SER A RAZÃO DA DESTRUIÇÃO DA SUA VIDA AMANHÃ,2025-02-28T15:27:16Z
UCSpUAJw93VIHVn8k-JP8NTQ,KKNTrAYF0G0,Como sair da Friendzone de uma vez por todas?,2022-06-06T23:00:36Z
UCSpUAJw93VIHVn8k-JP8NTQ,oKZFivnMzCQ,VIRGÍNIA E VINI JR - VERDADES BRUTAIS QUE TODO HOMEM DEVE SABER,2025-10-07T20:10:20Z
UCSpUAJw93VIHVn8k-JP8NTQ,qFS2D4e-NRw,Policiais tem VSM alto e pega mulher mais fácil?! #desenvolvimentopessoal #relacionamento #vsm,2022-01-13T15:00:33Z
UCSpUAJw93VIHVn8k-JP8NTQ,qyK5XW_1WiY,10 REGRAS Que Todo Homem Tem Que Saber,2024-12-24T20:04:43Z
UCSpUAJw93VIHVn8k-JP8NTQ,jh-fUzztZV0,"Cama, boi!",2022-02-18T15:00:26Z
UCSpUAJw93VIHVn8k-JP8NTQ,f4uP5qbyzbE,Como ativar MEDO DA PERDA na mulher que se afastou,2025-05-18T19:45:32Z
UCSpUAJw93VIHVn8k-JP8NTQ,ySy9RfICsuQ,É POR ISSO QUE VOCÊ NUNCA DEVE VOLTAR COM SUA EX,2024-10-18T20:00:24Z
UCSpUAJw93VIHVn8k-JP8NTQ,C_yzxWjinQQ,"Pegar ex, pode?",2022-04-15T15:00:12Z
UCSpUAJw93VIHVn8k-JP8NTQ,h52OzEJgacc,Geração de homens fracos!,2022-03-05T15:02:54Z
UCSpUAJw93VIHVn8k-JP8NTQ,7-gCetkt3F8,Namoro à distância funciona?,2022-05-26T15:00:03Z
UCSpUAJw93VIHVn8k-JP8NTQ,H_szFCi2Qww,Saiba o que as mulheres procuram em um homem!,2022-05-30T22:30:14Z
UCSpUAJw93VIHVn8k-JP8NTQ,2aYh29gSkr0,Cansei de comer mulher sem valor!,2023-09-16T15:00:03Z
UCSpUAJw93VIHVn8k-JP8NTQ,iNT16wRqo-o,Faça o que deve ser feito!,2023-02-23T19:00:27Z
UCSpUAJw93VIHVn8k-JP8NTQ,NY5rpok2MWs,Não me misturo!,2022-02-04T15:00:11Z
UCSpUAJw93VIHVn8k-JP8NTQ,36fbZoxAiZM,Vai contra os meus valores!,2022-03-14T15:16:37Z
UCSpUAJw93VIHVn8k-JP8NTQ,Scik2_c9kZ0,14 de fevereiro de 2022,2022-02-20T15:00:24Z
UCSpUAJw93VIHVn8k-JP8NTQ,jTLL9_naSq4,ELA TE IGNOROU? FAÇA ISSO AGORA!,2024-11-12T20:30:04Z
UCSpUAJw93VIHVn8k-JP8NTQ,Lya4LpTujuY,Pega essa!,2022-03-02T15:00:19Z
UCSpUAJw93VIHVn8k-JP8NTQ,GKTEIcCEWZo,Por Que As MULHERES PERDEM A ATRAÇÃO E DESEJO Quando Você MOSTRA INTERESSE,2025-06-10T18:22:30Z
UCSpUAJw93VIHVn8k-JP8NTQ,T1zB1zJc8Rg,SE VOCÊ ACHA QUE ELA ESTÁ TE TRAINDO FAÇA ISSO...,2023-12-15T21:00:13Z
UCSpUAJw93VIHVn8k-JP8NTQ,izi1NSzydvQ,MULHERES CASAM SEM AMAR,2025-07-26T17:05:15Z
UCSpUAJw93VIHVn8k-JP8NTQ,acPXvdiQ7Pk,COMO FAZER ELA SE ARREPENDER DE TER TE DEIXADO,2022-02-03T21:00:02Z
UCSpUAJw93VIHVn8k-JP8NTQ,7_FX1xSr3nw,MULHER SÓ VALORIZA O HOMEM QUANDO ELE VAI EMBORA ,2025-09-16T19:13:44Z
UCSpUAJw93VIHVn8k-JP8NTQ,5gQKe8LIM5Q,A VERDADE SOBRE O WILL SMITH,2022-04-04T22:54:37Z
UCSpUAJw93VIHVn8k-JP8NTQ,8RdJ1slds7E,NUNCA SEJA O HOMEM QUE AS MULHERES QUEREM CASAR,2025-08-05T20:43:18Z
UCSpUAJw93VIHVn8k-JP8NTQ,RWFnBBMBb10,TOP 3 MENTIRAS QUE TODA MULHER DIZ A UM HOMEM,2023-12-14T22:11:48Z
UCSpUAJw93VIHVn8k-JP8NTQ,zCnvvlfh8Sc,Lembre-se disso quando ela vier atrás de você,2023-02-12T19:00:21Z
UCSpUAJw93VIHVn8k-JP8NTQ,kQ08HidnGxs,O QUE É VSM?,2022-05-24T00:22:40Z
UCSpUAJw93VIHVn8k-JP8NTQ,u-p4jvULRfg,A filosofia que todo homem de alto valor deve seguir!,2022-06-02T21:30:10Z
UCSpUAJw93VIHVn8k-JP8NTQ,PVjBk5m7esA,É assim que se lida com Shit Test,2022-05-10T15:00:26Z
UCSpUAJw93VIHVn8k-JP8NTQ,TQaQTy78rPU,A roupa da mulher define ela? #desenvolvimentopessoal #relacionamento #vsm,2022-01-16T15:00:14Z
UCSpUAJw93VIHVn8k-JP8NTQ,3c8KZKukgqg,FALAR NÃO PRA MUL HER VAI SALVAR SUA VIDA (um dos melhores vídeos do canal),2025-07-30T19:10:18Z
UCSpUAJw93VIHVn8k-JP8NTQ,zJSLX6XyxA8,5 Coisas Que Vão Te Transformar Num HOMEM ATRAENTE,2025-09-09T18:58:09Z
UCSpUAJw93VIHVn8k-JP8NTQ,7f8ROnMdfj0,5 SINAIS DE QUE ELA NÃO ESTÁ INTERESSADA,2024-04-08T21:00:06Z
UCSpUAJw93VIHVn8k-JP8NTQ,qeLsBsEIw-Y,Ela terminou pra isso!,2022-04-12T15:00:24Z
UCSpUAJw93VIHVn8k-JP8NTQ,bz1XRcFGyAU,7 REGRAS PRA VOCÊ NUNCA SOFRER POR MULHER,2025-01-07T15:51:33Z
UCSpUAJw93VIHVn8k-JP8NTQ,3gebo47BytA,SUA MULHER NÃO TE AMA,2024-12-12T15:00:07Z
UCSpUAJw93VIHVn8k-JP8NTQ,WQVzFj7WYTc,TODA MULHER JÁ TÁ COM ALGUÉM!,2025-04-15T14:00:48Z
UCSpUAJw93VIHVn8k-JP8NTQ,00ItaCSWmE0,10 Mentiras Que Toda Mulher Fala,2024-12-23T00:12:36Z
UCSpUAJw93VIHVn8k-JP8NTQ,vCsIMLYSLlw,Entenda como a energia masculina e feminina pode afetar seu relacionamento!,2022-05-29T02:45:01Z
UCSpUAJw93VIHVn8k-JP8NTQ,HwDmjiEvwyA,COMO NUNCA LEVAR UM BOLO DA MULHER,2022-04-06T21:00:07Z
UCSpUAJw93VIHVn8k-JP8NTQ,cYmEecq4tWg,USE A MULHER PARA ENRIQUECER,2024-07-05T15:00:39Z
UCSpUAJw93VIHVn8k-JP8NTQ,G8Bjor4FYRA,TA LA RI CO,2022-02-06T15:00:17Z
UCSpUAJw93VIHVn8k-JP8NTQ,8gYIFUAmG-A,FAÇA ELA G0ZAR PRIMEIRO ,2025-11-19T23:53:57Z
UCSpUAJw93VIHVn8k-JP8NTQ,Lu40RToOZ2o,As chances de chifre se multiplicam,2022-01-27T15:00:10Z
UCSpUAJw93VIHVn8k-JP8NTQ,cczTz6imgHo,O HOMEM NÃO PODE PARECER BOBO,2025-09-21T16:29:32Z
UCSpUAJw93VIHVn8k-JP8NTQ,Is8Wzv3_PPQ,MULHER NÃO GOSTA DE HOMEM QUE AJUDA ELA,2025-07-15T23:25:25Z
UCSpUAJw93VIHVn8k-JP8NTQ,rxVb-YBO0dw,MULHER TEM NOJO DE HOMEM BONZINHO OLHA ISSO,2025-07-22T20:00:39Z
UCSpUAJw93VIHVn8k-JP8NTQ,Nr36UwQXcfc,A melhor Redpill vem delas,2022-02-09T15:00:11Z
UCSpUAJw93VIHVn8k-JP8NTQ,djNuurywFXM,ELAS QUEREM UM HOMEM CAPAZ DE TRAIR,2025-01-13T15:36:51Z
UCSpUAJw93VIHVn8k-JP8NTQ,ZZArgPAxejg,COMO AS MULHERES SE APEGAM (Psicologia Evolutiva Feminina) como usar isso a seu favor!,2025-06-03T16:00:51Z
UCSpUAJw93VIHVn8k-JP8NTQ,76S4ai1aODY,Como pegar a prima,2023-02-02T21:00:05Z
UCSpUAJw93VIHVn8k-JP8NTQ,3ejglWwn7tc,COMO DEIXAR DE SER BONZINHO,2025-09-05T18:00:04Z
UCSpUAJw93VIHVn8k-JP8NTQ,rEzTofMXni4,O que fazer quando ela te deixar no vácuo,2022-01-22T21:00:31Z
UCSpUAJw93VIHVn8k-JP8NTQ,pJH_htgEAPw,Por Que Os Homens Estão Sofrendo?,2025-09-22T15:01:38Z
UCSpUAJw93VIHVn8k-JP8NTQ,JJ0hq80PMl4,99% DAS MULHERES NUNCA IRÃO TE RESPEITAR POR CAUSA DISSO,2024-06-06T23:30:08Z
UCSpUAJw93VIHVn8k-JP8NTQ,XFeIf9n0Gdc,HOMEM DEVE SER CARINHOSO?,2022-03-10T21:00:14Z
UCSpUAJw93VIHVn8k-JP8NTQ,HrRwVb7dc2w,O que fazer quando a mulher quiser tirar um tempo pra pensar?,2022-01-11T15:00:08Z
UCSpUAJw93VIHVn8k-JP8NTQ,jlIjoosw-hw,7 PASSOS PARA SER O HOMEM QUE AS MULHERES DESEJAM,2024-09-06T15:00:07Z
UCSpUAJw93VIHVn8k-JP8NTQ,v3cPCqEDO0c,Ela não é especial!,2023-03-07T15:00:41Z
UCSpUAJw93VIHVn8k-JP8NTQ,tFdvRW1ZvZ8,MULHER QUER UM HOMEM QUE PODE TRAÍ-LA,2025-11-03T20:23:43Z
UCSpUAJw93VIHVn8k-JP8NTQ,8TruPvQrK3s,MULHERES FICAM OBCECADAS POR HOMENS QUE FAZEM ISSO,2025-11-13T20:21:48Z
UCSpUAJw93VIHVn8k-JP8NTQ,CXmOOcn70TE,5 ATITUDES DE UM HOMEM FEMININO (NÃO FAÇA),2025-03-17T18:30:12Z
UCSpUAJw93VIHVn8k-JP8NTQ,JcxlDXSIkl0,MC POZE MANDOU A EX PRA FORA DE CASA (você não deve fazer isso),2025-11-25T16:36:39Z
UCSpUAJw93VIHVn8k-JP8NTQ,42Ch_m02ENE,É POR ISSO QUE ELA TERMINA COM VOCÊ E LOGO APARECE COM OUTRO,2023-02-11T15:00:04Z
UCSpUAJw93VIHVn8k-JP8NTQ,PRX1DA4zSmE,6 PASSOS PARA ELA AMAR FALAR COM VOCÊ,2022-12-23T21:05:15Z
UCSpUAJw93VIHVn8k-JP8NTQ,SaNj9Z0udUE,JAMAIS SE RELACIONE COM ESSE TIPO DE MULHER!!!,2022-08-31T21:00:14Z
UCSpUAJw93VIHVn8k-JP8NTQ,ZxArbN4oG04,VIRGÍNIA TRAIU VINI JR COM O PERSONAL? O que todo homem deve aprender com isso!,2025-11-12T20:03:26Z
UCSpUAJw93VIHVn8k-JP8NTQ,fJAAtJm-2PE,MULHER de verdade é interesseira?,2022-02-15T21:00:30Z
UCSpUAJw93VIHVn8k-JP8NTQ,tVrAx_JtilI,NÃO NAMORE VELHAS,2025-09-01T20:34:47Z
UCSpUAJw93VIHVn8k-JP8NTQ,WLAltV92RpI,Porque Mulheres REJEITAM Homens BONZINHOS,2025-07-03T18:03:13Z
UCSpUAJw93VIHVn8k-JP8NTQ,2pnS6OrCmAc,COMO NÃO SE EMOCIONAR AO CONHECER UMA MULHER?,2022-08-07T21:18:07Z
UCSpUAJw93VIHVn8k-JP8NTQ,WmLi3Ke9qlI,O que fazer quando uma mulher some? #desenvolvimentopessoal #relacionamento #vsm,2022-01-14T15:00:19Z
UCSpUAJw93VIHVn8k-JP8NTQ,NRRVb8Ah390,Porque O PASSADO Da MULHER É Tão IMPORTANTE,2025-07-28T23:03:00Z
UCSpUAJw93VIHVn8k-JP8NTQ,F23sq2izM6c,Tá com medinho de mulher???,2023-09-16T21:00:05Z
UCSpUAJw93VIHVn8k-JP8NTQ,SgP95DBV-zc,MULHER COMPROMETIDA NÃO SAI SOZINHA,2022-11-30T21:00:08Z
UCSpUAJw93VIHVn8k-JP8NTQ,iFw2L0X82eg,CASO DANIEL ALVES - TODO HOMEM DEVE SABER DISSO (ou será preso),2025-03-31T00:44:24Z
UCSpUAJw93VIHVn8k-JP8NTQ,iTNs5d0c9HQ,Bola de terça é vida🔥,2022-02-02T15:00:25Z
UCSpUAJw93VIHVn8k-JP8NTQ,HBiUiLOQdCY,Cuide do seu jardim e elas virão,2023-02-14T19:00:08Z
UCSpUAJw93VIHVn8k-JP8NTQ,XY7EXtK7DSU,COMO SUPERAR UMA MULHER RÁPIDO E FAZER ELA SE ARREPENDER,2025-10-24T15:01:12Z
UCSpUAJw93VIHVn8k-JP8NTQ,hGHATe1ZNzg,NUNCA VÁ MORAR COM UMA MU LHER (sem ver esse vídeo antes),2025-04-03T19:16:48Z
UCSpUAJw93VIHVn8k-JP8NTQ,n48Kc9-8VUA,É por isso que ela faz isso!,2023-03-31T15:00:38Z
UCSpUAJw93VIHVn8k-JP8NTQ,oc2SzZhWVZk,5 Formas SECRETAS De Ser ATRAENTE Para As MULHERES,2025-06-15T17:03:58Z
UCSpUAJw93VIHVn8k-JP8NTQ,7oXZRLXl2jo,A MULHER TERMINA ESTANDO COM VOCÊ,2024-12-30T14:29:42Z
UCSpUAJw93VIHVn8k-JP8NTQ,_gxh43JQF-M,HOMEM TEM QUE TER VÁRIAS MULHERES,2025-08-29T16:19:56Z
UCSpUAJw93VIHVn8k-JP8NTQ,07Nxyh2CWWQ,PARE DE SE ESFORÇAR PRA FICAR COM A MULHER ERRADA,2025-08-03T21:37:16Z
UCSpUAJw93VIHVn8k-JP8NTQ,g9vzsZfSSJ4,NUNCA VOLTE COM SUA EX,2024-03-28T21:00:22Z
UCSpUAJw93VIHVn8k-JP8NTQ,xQdfG3ZySow,Como fazer a sua namorada te priorizar?,2022-06-01T01:50:08Z
UCSpUAJw93VIHVn8k-JP8NTQ,XNPRMYxfhoM,FUJA DESSE TIPO DE MULHER (A Maior Red Flag de Todas),2025-04-24T18:00:36Z
UCSpUAJw93VIHVn8k-JP8NTQ,y8Exm2Vtgtw,VOCÊ NÃO PRECISA DE UMA MULHER (você apenas quer),2025-01-30T21:00:45Z
UCSpUAJw93VIHVn8k-JP8NTQ,Js9eddUxpyM,COMO MATAR A CARÊNCIA DE TER UMA MULHER,2025-09-12T15:00:40Z
UCSpUAJw93VIHVn8k-JP8NTQ,hZwXqpMiaFU,FUJA SE ELA TIVER ESSAS TATUAGENS,2025-01-08T16:13:09Z
UCSpUAJw93VIHVn8k-JP8NTQ,M8YXXJltzQY,ELA QUER DAR UM TEMPO O QUE FAZER,2022-03-03T21:47:58Z
UCSpUAJw93VIHVn8k-JP8NTQ,5pLcRLXayW0,E você ainda namora ela? 🤦🏽‍♂️,2022-02-07T15:00:02Z
UCSpUAJw93VIHVn8k-JP8NTQ,O0BPG_BrY9Y,FUJA DE MULHERES COM 30 ANOS +,2025-07-20T17:52:53Z
UCSpUAJw93VIHVn8k-JP8NTQ,kCZoxy5hwTM,QUAL É A MULHER IDEAL PARA NAMORAR?,2022-04-10T21:00:23Z
UCSpUAJw93VIHVn8k-JP8NTQ,M_DYLLhoJRs,"CONQUISTAR MULHER É COISA DE BETA, POBRE E BURR0",2025-11-26T20:32:03Z
UCSpUAJw93VIHVn8k-JP8NTQ,OVL77MtVmV4,SÓ NAMORE QUANDO ELA ESTIVER OBCECADA POR VOCÊ!,2023-12-12T23:00:22Z
UCSpUAJw93VIHVn8k-JP8NTQ,swHkHwX8BX4,AS MULHERES VÃO DESTRUIR SEUS OBJETIVOS DE VIDA,2024-09-14T20:12:50Z
UCSpUAJw93VIHVn8k-JP8NTQ,CxkSwM6zgo0,NUNCA GOSTE DA MULHER ANTES DELA GOSTAR DE VOCÊ,2025-06-20T22:25:49Z
UCSpUAJw93VIHVn8k-JP8NTQ,cPa83RlmYTE,A CARÊNCIA POR MULHER PODE DESTRUIR SUA VIDA (e como acabar com ela),2025-11-01T22:23:58Z
UCSpUAJw93VIHVn8k-JP8NTQ,1Ly-zgbc0ek,NUNCA MAIS SOFRA POR MULHER,2025-02-14T15:00:01Z
UCSpUAJw93VIHVn8k-JP8NTQ,5PsNSIJkneM,MULHERES ABANDONAM HOMENS QUANDO FAZEM GRANA,2025-08-02T16:44:15Z
UCSpUAJw93VIHVn8k-JP8NTQ,2rk1M44_vbU,"Namorada curte fotos de outros caras, o que fazer?",2022-01-31T23:00:03Z
UCSpUAJw93VIHVn8k-JP8NTQ,21FPK2hOvZw,ELA QUER TERMINAR E AGORA?,2022-10-04T21:00:02Z
UCSpUAJw93VIHVn8k-JP8NTQ,aB7rb-Oq7_k,A MULHER QUE TE REJEITA HOJE CORRERÁ ATRÁS AMANHÃ,2025-01-30T15:00:01Z
UCSpUAJw93VIHVn8k-JP8NTQ,4gYdh9jvngM,COMO FAZER ELA SENTIR SUA FALTA SEM CORRER ATRÁS?,2025-09-19T18:00:04Z
UCSpUAJw93VIHVn8k-JP8NTQ,a3HKRiMi01U,ELE VIVE CURTINDO AS FOTOS DA MINHA NAMORADA,2022-03-19T21:00:35Z
UCSpUAJw93VIHVn8k-JP8NTQ,eoKdmetCuLo,MULHERES VÃO ATÉ NA CADEIA ATRÁS DE HOMEM E VOCÊ CORRENDO ATRÁS DELAS 😂,2025-07-23T19:54:29Z
UCSpUAJw93VIHVn8k-JP8NTQ,oxxE_cmYnyA,SÓ HOMEM P0BRE E BURR0 BUSCA SE RELACIONAR,2024-12-21T20:55:12Z
UCSpUAJw93VIHVn8k-JP8NTQ,q8cJwylc1G8,NENHUMA MULHER RESISTE A UM HOMEM COM ESSAS 3 COISAS...,2023-12-13T21:00:23Z
UCSpUAJw93VIHVn8k-JP8NTQ,4MWM59tp9hA,DEVO DEMORAR PRA RESPONDER ELA?,2022-04-03T00:43:46Z
UCSpUAJw93VIHVn8k-JP8NTQ,LORuzzUno_c,Os 2 Porquês das MULHERES não quererem SE RELACIONAR com você | AULA 01,2025-06-10T01:12:14Z
UCSpUAJw93VIHVn8k-JP8NTQ,qJ-_bXcP0hg,VOCÊ É POBRE E TÁ SOFRENDO POR MULHER? (então faça isso),2025-04-23T18:00:47Z
UCSpUAJw93VIHVn8k-JP8NTQ,dgWnZ2VByPI,NAMORAR EM 2025 É COISA DE O.T.Á.R.I.O.,2025-04-07T18:00:34Z
UCSpUAJw93VIHVn8k-JP8NTQ,LlhXW0I6SkA,Agradeça!,2022-02-13T15:00:16Z
UCSpUAJw93VIHVn8k-JP8NTQ,A2cqeIA-agg,Devo adquirir bens junto com uma mulher?,2022-06-05T22:00:03Z
UCSpUAJw93VIHVn8k-JP8NTQ,DMrmbSTjMIA,MULHER SÓ RESPEITA HOMEM ASSIM👆🏾,2025-11-27T22:58:26Z
UCSpUAJw93VIHVn8k-JP8NTQ,QxwAr7IqFBg,SEU SENTIMENTO NÃO IMPORTA PRA ELAS,2024-04-12T22:14:06Z
UCSpUAJw93VIHVn8k-JP8NTQ,iHUPWqXxoEs,5 Maiores MENTIRAS que contam para os homens sobre relacionamentos,2025-02-24T16:47:16Z
UCSpUAJw93VIHVn8k-JP8NTQ,1IUR_A_wZ8Q,O SEGREDO PRA PEGAR MUITA MULHER,2024-12-05T15:00:02Z
UCSpUAJw93VIHVn8k-JP8NTQ,Tpq46IGXZ64,AS MULHERES SÓ BUSCAM ESSAS 3 COISAS,2025-03-20T17:20:59Z
UCSpUAJw93VIHVn8k-JP8NTQ,0J94jW3gD68,Não sai zerado da balada.,2022-02-14T15:00:01Z
UCSpUAJw93VIHVn8k-JP8NTQ,ZMRfqSyYulI,PARE DE BUSCAR AFETO EM MULHERES,2024-11-16T12:00:48Z
UCSpUAJw93VIHVn8k-JP8NTQ,nUO1X6xS0eA,O PASSAPORTE PRA PEGAR QUALQUER MULHER,2024-01-02T22:59:56Z
UCSpUAJw93VIHVn8k-JP8NTQ,6VX-axu-iEU,"COMO CONQUISTAR A MULHER, O DINHEIRO E A VIDA DOS SONHOS",2025-11-07T01:22:18Z
UCSpUAJw93VIHVn8k-JP8NTQ,-Rc74u6EzkE,BRASIL É ELEITO O 2º PAÍS MAIS PROMÍSCUO DO MUNDO,2025-10-29T19:16:36Z
UCSpUAJw93VIHVn8k-JP8NTQ,6e2-kcyahUs,É POR ISSO QUE ELA NÃO TE DÁ E TE TRATA MAL,2024-11-28T15:00:09Z
UCSpUAJw93VIHVn8k-JP8NTQ,O5sPIRROscs,PORQUE EU NÃO LEVO MULHERES A SÉRIO e você deveria fazer o mesmo!,2025-10-25T14:00:39Z
UCSpUAJw93VIHVn8k-JP8NTQ,V7HymVFgNMw,Como Perder a TIMIDEZ e Chegar nas GATAS (curso gratuito),2025-02-19T15:00:43Z
UCSpUAJw93VIHVn8k-JP8NTQ,PWMsDzHDguQ,Por Que É Tão DIFÍCIL Pegar MULHER?,2025-03-10T18:00:16Z
UCSpUAJw93VIHVn8k-JP8NTQ,Xe_2fHU4lRU,COMO REAGIR A UM FORA,2022-04-29T00:41:40Z
UCSpUAJw93VIHVn8k-JP8NTQ,8IFuYJXL-hg,Super normal 🐮,2022-01-31T17:52:31Z
UCSpUAJw93VIHVn8k-JP8NTQ,0tzw4T8hVzE,ALGUMAS MULHERES SÃO PERDA DE TEMPO!,2022-10-21T21:00:03Z
UCSpUAJw93VIHVn8k-JP8NTQ,IRl5ZdYPH-4,Nunca faça isso no início de um relacionamento!,2022-05-29T21:00:09Z
UCSpUAJw93VIHVn8k-JP8NTQ,dmEt4qwDfqE,4 Habilidades MASCULINAS Que Te Tornam MUITO ATRAENTE,2025-06-07T16:03:54Z
UCSpUAJw93VIHVn8k-JP8NTQ,RPlL6X6l8n0,"QUANDO NAMORAVA ME QUERIA, HOJE SOLTEIRA NÃO QUER",2022-02-28T21:00:33Z
UCSpUAJw93VIHVn8k-JP8NTQ,NFB3hJkOuj4,Não faça isso se você treina!,2023-02-08T21:00:09Z
UCSpUAJw93VIHVn8k-JP8NTQ,oCu9B0UVzsE,CORTE OS CONTATOS COM SUA EX!,2022-05-07T15:00:21Z
UCSpUAJw93VIHVn8k-JP8NTQ,JeqRMItUvEo,Caso do mendigo.,2022-03-22T19:21:29Z
UCSpUAJw93VIHVn8k-JP8NTQ,S9df_7_Kqyo,GABRIEL MEDINA TERMINA RELACIONAMENTO CONTROLADOR,2022-01-27T21:07:17Z
UCSpUAJw93VIHVn8k-JP8NTQ,q5VcYsyyfv8,Prioridades,2022-02-19T15:00:24Z
UCSpUAJw93VIHVn8k-JP8NTQ,YGAXzx65g-g,VALE A PENA USAR TINDER?,2022-05-06T01:41:58Z
UCSpUAJw93VIHVn8k-JP8NTQ,16tWbp6mZ6M,O BRASIL OBRIGA O HOMEM A PAGAR MINA DO JOB,2025-02-25T21:00:03Z
UCSpUAJw93VIHVn8k-JP8NTQ,0MPSztaI8mE,Cada uma viu...,2022-01-29T23:00:00Z
UCSpUAJw93VIHVn8k-JP8NTQ,ygCFTTPr2Zk,"Caiu no teste, juvena... 🤦🏽‍♂️",2022-02-08T15:00:35Z
UCSpUAJw93VIHVn8k-JP8NTQ,Nc3D1577SVM,Faça isso 😈,2022-03-20T15:00:09Z
UCSpUAJw93VIHVn8k-JP8NTQ,CiDN9dxII6U,Se orgulhe!,2022-03-06T16:37:54Z
UCSpUAJw93VIHVn8k-JP8NTQ,fDXZnqx9DVU,"Ama sim, confia!",2022-03-10T15:00:31Z
UCSpUAJw93VIHVn8k-JP8NTQ,fNYzphEso-0,Só você pelo jeito 🤦🏽‍♂️,2022-02-26T15:00:30Z
UCSpUAJw93VIHVn8k-JP8NTQ,Q-Yn0Xr7QUs,OS PROBLEMAS DE UMA MULHER TATUADA,2024-12-19T17:12:26Z
UCSpUAJw93VIHVn8k-JP8NTQ,nP4KvTanAos,A regra é clara!,2022-03-19T15:00:17Z
UCSpUAJw93VIHVn8k-JP8NTQ,tIf8biYgDeU,Amei?,2022-02-25T15:00:39Z
UCSpUAJw93VIHVn8k-JP8NTQ,UU60GkpGPaY,FAÇA ISSO QUANDO ELA CANCELAR COM VOCÊ!,2022-08-24T21:00:13Z
UCSpUAJw93VIHVn8k-JP8NTQ,8N6A3p-L55Y,CONSELHOS SOBRE MULHERES QUE DAREI PROS MEUS FILHOS,2025-02-09T15:00:09Z
UCSpUAJw93VIHVn8k-JP8NTQ,iE1aEpklSHw,"ELA NÃO QUER NADA SÉRIO, MAS QUER AMIZADE??",2022-09-08T21:00:13Z
UCSpUAJw93VIHVn8k-JP8NTQ,bDESh8UvaU0,Tempo não existe!,2022-02-23T15:00:17Z
UCSpUAJw93VIHVn8k-JP8NTQ,pFGYyj5umXM,FAÇA ISSO QUANDO ELA DEMORAR PRA TE RESPONDER!,2022-09-16T21:00:27Z
UCSpUAJw93VIHVn8k-JP8NTQ,bq4H4desnOE,"FUI CENSURADO, PRECISO DE AJUDA!",2024-11-01T15:00:15Z
UCSpUAJw93VIHVn8k-JP8NTQ,bu4eFwrM4_U,SINAIS QUE ELA DÁ QUANDO ESTÁ INTERESSADA!,2022-08-06T21:00:26Z
UCSpUAJw93VIHVn8k-JP8NTQ,-z2-EmBpxTI,ELA SEMPRE DÁ UMA DESCULPA PRA NÃO SAIR COMIGO,2022-03-14T22:00:00Z
UCSpUAJw93VIHVn8k-JP8NTQ,HpLQ4C_b7_8,ELA TERMINOU MAS QUER SER AMIGA,2022-02-26T21:23:26Z
UCSpUAJw93VIHVn8k-JP8NTQ,lcndbcOsoWY,ELA NÃO É SUA É SÓ A SUA VEZ,2024-12-02T15:00:49Z
UCSpUAJw93VIHVn8k-JP8NTQ,TSuKwnKCcyI,Porque as mulheres AMAM e são LEAIS a homens &quot;TÓXICOS&quot;,2025-05-12T18:00:25Z
UCSpUAJw93VIHVn8k-JP8NTQ,-A-lKy7ZOGY,É meme 🙄,2022-02-21T15:00:01Z
UCSpUAJw93VIHVn8k-JP8NTQ,3l8UmS-MmMQ,NÃO NAMORE VELHA,2025-03-08T14:00:07Z
UCSpUAJw93VIHVn8k-JP8NTQ,HdR5KcAn1Gs,VERDADES BRUTAIS DA NOVA NAMORADA DO GAULES,2025-03-05T16:50:47Z
UCSpUAJw93VIHVn8k-JP8NTQ,fxsns-0j8Vo,FAÇA ISSO SE ELA MOSTRAR DESINTERESSE (Psicologia Reversa),2025-08-25T19:26:20Z
UCSpUAJw93VIHVn8k-JP8NTQ,WXe931ROdIY,MULHER COM PAI AUSENTE = VAGABUN DA,2024-12-14T15:11:54Z
UCSpUAJw93VIHVn8k-JP8NTQ,MXOHDRckSmg,4 TIPOS DE MULHERES QUE VOCÊ DEVE TOMAR CUIDADO,2023-12-22T21:00:13Z
UCSpUAJw93VIHVn8k-JP8NTQ,B3Pe7oJN21A,OS PROBLEMAS DE UMA MÃE SOLTEIRA,2025-01-09T20:10:27Z
UCSpUAJw93VIHVn8k-JP8NTQ,uYNfqbqRFcU,Por Que a Mulher Gosta do Cafajeste?,2025-10-01T20:38:05Z
UCSpUAJw93VIHVn8k-JP8NTQ,Z9zUL8Ejkhw,PARE DE SER LEGAL E COMECE A SER MAU (se quiser mulheres),2025-06-08T15:40:43Z
UCSpUAJw93VIHVn8k-JP8NTQ,5laLOUGo_MY,"ELA NÃO QUER VOLTAR, O QUE EU FAÇO?",2022-05-06T21:00:03Z
UCSpUAJw93VIHVn8k-JP8NTQ,G7GKeLICC1o,FUI TRAÍDO E QUERO ME VINGAR,2022-03-23T23:18:41Z
UCSpUAJw93VIHVn8k-JP8NTQ,c6_nTIwb1sg,ELA TERMINOU COMIGO SEM MOTIVO,2022-02-24T21:00:26Z
UCSpUAJw93VIHVn8k-JP8NTQ,LsSKVpC5flY,HOMEM TEM QUE MENTIR PRA MULHER,2024-11-11T20:30:02Z
UCSpUAJw93VIHVn8k-JP8NTQ,B_1o9xJadcQ,5 INVESTIMENTOS QUE MUDAM A VIDA DO HOMEM,2025-09-29T16:02:42Z
UCSpUAJw93VIHVn8k-JP8NTQ,9s8hQHq7WmI,MINHA EX TÁ POSTANDO FOTO PRA ME ATINGIR,2022-04-05T21:00:05Z
UCSpUAJw93VIHVn8k-JP8NTQ,5lKjVdIdo4Y,MULHER INDECISA o que fazer?,2022-02-22T21:00:02Z
UCSpUAJw93VIHVn8k-JP8NTQ,lFk-rynott4,É POR ISSO QUE VOCÊ NÃO DEVE BUSCAR UMA NAMORADA!,2022-10-17T22:10:52Z
UCSpUAJw93VIHVn8k-JP8NTQ,snnC-2x40pg,ELAS SÓ VÃO TE QUERER QUANDO VOCÊ ESTIVER NO TOPO,2024-10-29T21:00:38Z
UCSpUAJw93VIHVn8k-JP8NTQ,hoH4EHuBPWw,VOCÊ NÃO PRECISA DE UMA MULHER,2023-12-06T15:00:38Z
UCSpUAJw93VIHVn8k-JP8NTQ,8T1wiSM9qC8,MULHERES SÃO FÁCEIS E EU POSSO PROVAR,2024-08-13T22:07:01Z
UCSpUAJw93VIHVn8k-JP8NTQ,EWCVoc7UnIg,O Único e Melhor CONSELHO sobre MULHERES Que Eu Posso Te Dar,2025-03-09T21:00:14Z
UCSpUAJw93VIHVn8k-JP8NTQ,XbjVuqekQnM,É POR ISSO QUE VOCÊ NÃO DEVE SE ENVOLVER COM RODADA,2024-05-24T21:00:19Z
UCSpUAJw93VIHVn8k-JP8NTQ,GjG1Apo3ETM,Chama a polícia!!!,2023-09-14T21:00:07Z
UCSpUAJw93VIHVn8k-JP8NTQ,FmFxjA1_fA8,"ESQUEÇA AS MULHERES, FOQUE NA GRANA!",2024-10-31T15:00:14Z
UCSpUAJw93VIHVn8k-JP8NTQ,XpZH0RfWHIE,Não faça isso por ela!,2023-02-03T21:00:13Z
UCSpUAJw93VIHVn8k-JP8NTQ,75IIb-S9k6s,Sem valor!,2022-02-11T15:00:03Z
UCSpUAJw93VIHVn8k-JP8NTQ,qIvb49qFweo,Só se for pela religião,2023-03-31T21:00:33Z
UCSpUAJw93VIHVn8k-JP8NTQ,1MPaseVvryw,COMO MEXER COM O EMOCIONAL DELA MESMO SEM CONTATO,2025-09-02T19:57:34Z
UCSpUAJw93VIHVn8k-JP8NTQ,y0btn1zG0xM,MULHER NENHUMA TE FARÁ FELIZ,2024-08-11T21:00:36Z
UCSpUAJw93VIHVn8k-JP8NTQ,EZwrD94IyA8,Nesse caso sem chance!,2022-03-08T17:56:31Z
UCSpUAJw93VIHVn8k-JP8NTQ,BzirmlAy6Ho,4 COISAS PRA DEIXAR ELA DE 4 POR VOCÊ,2025-02-24T23:00:09Z
UCSpUAJw93VIHVn8k-JP8NTQ,y6WlEYigmyQ,5 COISAS QUE TORNAM O HOMEM SEM VALOR,2025-07-12T17:26:44Z
UCSpUAJw93VIHVn8k-JP8NTQ,xpB0_gBY17g,CARA BONZINHO DEMAIS VIRA C0RNO (seja mau),2025-06-24T20:31:12Z
UCSpUAJw93VIHVn8k-JP8NTQ,5MsnS4m_WTA,Porque Ser HOMEM É Tão Difícil (passo a passo pra deixar a vida fácil),2025-06-30T22:29:58Z
UCSpUAJw93VIHVn8k-JP8NTQ,65Mzt3-a7Rc,ELA TERMINOU MAS EU QUERO VOLTAR,2022-03-07T21:15:47Z
UCSpUAJw93VIHVn8k-JP8NTQ,9hztBGtBGRs,Gastei 30 anos para entender isso sobre as mulheres (TODO HOMEM DEVE SABER ISSO),2025-03-06T16:16:42Z
UCSpUAJw93VIHVn8k-JP8NTQ,JFlUOPne1CQ,ELA CURTE FOTO DE OUTROS CARAS,2022-03-20T21:00:04Z
UCSpUAJw93VIHVn8k-JP8NTQ,jH0DYUn1Zig,COMO CHEGAR NA MULHER QUE VOCÊ GOSTA,2022-04-14T23:56:19Z
UCSpUAJw93VIHVn8k-JP8NTQ,1an8XDldlI0,Ela não quer ficar só comigo. O que eu faço?,2022-06-21T21:00:23Z
UCSpUAJw93VIHVn8k-JP8NTQ,Lrfz4uhJaf4,COMO FAZER ELA CORRER ATRÁS DE VOCÊ EM 2025,2025-01-23T15:00:26Z
UCSpUAJw93VIHVn8k-JP8NTQ,ph5qA5orERw,NUNCA AME UMA MULHER (mais do que a si mesmo),2025-08-30T19:01:05Z
UCSpUAJw93VIHVn8k-JP8NTQ,iehhGfiMS44,3 COISAS QUE VOCÊ DEVE FAZER ANTES DE NAMORAR,2022-10-31T21:00:20Z
UCSpUAJw93VIHVn8k-JP8NTQ,fahj5GDFWiI,CUIDADO COM AS AMIZADES DA SUA PARCEIRA,2022-03-01T22:23:53Z
UCSpUAJw93VIHVn8k-JP8NTQ,voN9G28gWT8,Faça isso se quiser LEVAR uma mulher para sua CAMA,2022-02-19T21:00:32Z
UCSpUAJw93VIHVn8k-JP8NTQ,QOkhJwH323E,DEVO MANDAR “bom dia” TODO DIA?,2022-03-04T21:00:28Z
UCSpUAJw93VIHVn8k-JP8NTQ,QgWxxHSwmfQ,O MAIOR ERRO DO HOMEM É CORRER ATRÁS DE B.C.T.A,2025-02-16T23:24:36Z
UCSpUAJw93VIHVn8k-JP8NTQ,6tK7eFVa5Us,MULHER NÃO DÁ PRA QUEBRADO,2025-01-17T15:00:13Z
UCSpUAJw93VIHVn8k-JP8NTQ,9IM0G_Sg4xM,NAMORADA CONVERSANDO COM OUTRO CARA?,2022-08-22T21:00:08Z
UCSpUAJw93VIHVn8k-JP8NTQ,JlQ2m5KeHVg,NÃO TENHA MEDO DA TRAIÇÃO,2022-03-06T21:59:38Z
UCSpUAJw93VIHVn8k-JP8NTQ,P_SdvI5QZrk,90% DOS HOMENS SÃO INVISÍVEIS PRAS MULHERES,2024-11-14T15:16:08Z
UCSpUAJw93VIHVn8k-JP8NTQ,MAVYDEOoJgU,HOMEM POBRE NÃO MERECE TER MULHER,2025-07-14T23:54:49Z
UCSpUAJw93VIHVn8k-JP8NTQ,mPc3X0VUwYY,FAÇA ISSO QUANDO ELA NÃO TE RESPONDER (ela vai voltar correndo atrás),2025-01-29T21:00:28Z
UCSpUAJw93VIHVn8k-JP8NTQ,LI50pMUoiDw,VERDADES BRUTAIS SOBRE O TÉRMINO DO GAULES (deu pro personal?),2025-02-17T23:28:51Z
UCSpUAJw93VIHVn8k-JP8NTQ,JSxnvUtgllQ,5 MANEIRAS DE MANIPULAR UMA MULHER,2024-05-01T21:00:10Z
UCSpUAJw93VIHVn8k-JP8NTQ,lCOOTYN1R7I,Devo ajudar ela a melhorar de vida ou não?,2022-02-20T21:00:13Z
UCSpUAJw93VIHVn8k-JP8NTQ,JJNIZfMzQPw,NUNCA REJEITE UMA MULHER,2025-04-25T18:00:17Z
UCSpUAJw93VIHVn8k-JP8NTQ,OH9Pqn5KKi4,MULHERES Abandonam HOMENS Que Querem MELHORAR Suas Vidas e Dar Um FUTURO Melhor Para Elas,2025-06-12T16:49:24Z
UCSpUAJw93VIHVn8k-JP8NTQ,PLrPR21zpRA,Ela te trai por isso,2023-02-06T21:00:09Z
UCSpUAJw93VIHVn8k-JP8NTQ,Y28sZI33l28,Cuidado com o golpe do FICAR SÉRIO!,2022-01-14T01:03:29Z
UCSpUAJw93VIHVn8k-JP8NTQ,fkGDiDYQJXM,SUA NAMORADA ESCONDE CONVERSAS? CUIDADO!,2022-05-18T21:00:26Z
UCSpUAJw93VIHVn8k-JP8NTQ,x9qZxn3BK5Y,5 ATITUDES IRRESISTÍVEIS que fazem ELA ficar OBCECADA por você!,2024-11-02T12:01:16Z
UCSpUAJw93VIHVn8k-JP8NTQ,QxH9o3P6f_8,É POR ISSO QUE ELAS AMAM OS CAFAJESTES,2024-09-20T15:00:34Z
UCSpUAJw93VIHVn8k-JP8NTQ,5NWX3GboVrk,Qual o shape que atrai as mulheres?,2022-01-18T21:00:02Z
UCSpUAJw93VIHVn8k-JP8NTQ,JlamzwVOirk,NÃO TENHA MEDO DE RELACIONAMENTOS,2025-08-11T15:13:25Z
UCSpUAJw93VIHVn8k-JP8NTQ,kc63W7DGKV4,COMO TRATAR UMA FICANTE (O MELHOR JEITO),2025-08-10T15:16:02Z
UCSpUAJw93VIHVn8k-JP8NTQ,pqhNL_OdHAQ,NÃO SEJA UM ZÉ FELIPE - O QUE TODO HOMEM DEVE APRENDER COM ESSE TÉRMINO,2025-05-29T19:24:44Z
UCSpUAJw93VIHVn8k-JP8NTQ,JnYynDWYxas,Mulher que segue ex não serve pra relacionamento,2023-02-13T19:00:07Z
UCSpUAJw93VIHVn8k-JP8NTQ,BzPOkPhRSZo,APEGO EMOCIONAL: como não se apegar a ela?,2022-01-30T21:00:03Z
UCSpUAJw93VIHVn8k-JP8NTQ,4RP8dlr-bc4,TODO HOMEM DEVE APRENDER COM NEYMAR,2025-03-26T17:46:21Z
UCSpUAJw93VIHVn8k-JP8NTQ,9_5sOOGbyqM,3 PASSOS PARA ABORDAR A MINA NO INSTAGRAM E CHAMAR PRA SAIR,2022-11-21T21:00:05Z
UCSpUAJw93VIHVn8k-JP8NTQ,S7bjskder54,A MULHER NÃO AMA O HOMEM (como você pensa),2025-01-15T17:55:46Z
UCSpUAJw93VIHVn8k-JP8NTQ,VBIjktS9bp0,ESSE LIVRO MUDOU MINHA VIDA,2022-05-24T21:00:59Z
UCSpUAJw93VIHVn8k-JP8NTQ,VxnSUMga7qY,Amizade entre homem e mulher não existe,2024-01-28T21:00:12Z
UCSpUAJw93VIHVn8k-JP8NTQ,MLjwBiBD_RE,COMO FAZER QUALQUER MULHER TER MEDO DE TE PERDER (fatos científicos),2024-05-29T21:14:34Z
UCSpUAJw93VIHVn8k-JP8NTQ,Wdq6ehKpGXY,5 SINAIS DE QUE ELA É RODADA,2024-04-05T22:40:43Z
UCSpUAJw93VIHVn8k-JP8NTQ,o_8T2AEIgn0,Lembrete para os homens,2023-02-24T19:00:20Z
UCSpUAJw93VIHVn8k-JP8NTQ,Tr8WeLhUiN0,FAÇA ISSO QUANDO ELA OLHAR PARA VOCÊ,2023-02-02T15:00:30Z
UCSpUAJw93VIHVn8k-JP8NTQ,xAOrQkNZgCo,O SEGREDO Para Ser BOM De Lábia (CURSO GRATUITO),2025-06-11T01:18:11Z
UCSpUAJw93VIHVn8k-JP8NTQ,nqplSSyCbOU,QUEM PERDE É SEMPRE A MULHER (ela terá medo de te perder),2025-05-28T17:59:52Z
UCSpUAJw93VIHVn8k-JP8NTQ,VblCkG4rOEk,Como Encontrar A MULHER CERTA (o segredo pra achar a melhor mulher),2025-06-27T16:34:28Z
UCSpUAJw93VIHVn8k-JP8NTQ,6Jhop3yWohs,SE VOCÊ É FEIO FAÇA ISSO!,2022-09-21T21:00:02Z
UCSpUAJw93VIHVn8k-JP8NTQ,M4j572tXMag,5 SINAIS QUE ELA ESTÁ TE TRAINDO,2024-11-21T12:00:21Z
UCSpUAJw93VIHVn8k-JP8NTQ,YkQIy-u11wQ,Eu não pagaria pra ver!,2022-03-15T15:00:31Z
UCSpUAJw93VIHVn8k-JP8NTQ,jxUodSOBKBs,Nunca peça essa mulher em namoro,2023-01-31T21:41:55Z
UCSpUAJw93VIHVn8k-JP8NTQ,fjjxKlHzu64,UMA MULHER QUE TRAIU UM HOMEM SERÁ FIEL A OUTRO?,2022-04-18T02:03:08Z
UCSpUAJw93VIHVn8k-JP8NTQ,1NqS3PFvq8g,A REGRA DAS 3 MULHERES,2024-12-06T15:00:01Z
UCSpUAJw93VIHVn8k-JP8NTQ,uGzcK6TBxAM,Vai trabalhar!,2022-04-16T15:00:33Z
UCSpUAJw93VIHVn8k-JP8NTQ,Inl0q3b5xwc,QUANDO BEIJAR ELA NO PRIMEIRO ENCONTRO?,2022-09-07T02:55:59Z
UCSpUAJw93VIHVn8k-JP8NTQ,s9FVjlOZb7g,DEVO ME RELACIONAR COM MULHER MAIS VELHA?,2022-02-25T21:00:17Z
UCSpUAJw93VIHVn8k-JP8NTQ,_b01QULx1Fs,HOMEM SEM DINHEIRO NÃO VALE NADA,2025-03-07T15:00:59Z
UCSpUAJw93VIHVn8k-JP8NTQ,RYdlaP4vCV0,Termine quando ela fizer isso!,2023-01-14T03:00:12Z
UCSpUAJw93VIHVn8k-JP8NTQ,-mXDpA66DAE,Não veja sua namorada!,2023-09-17T15:00:00Z
UCSpUAJw93VIHVn8k-JP8NTQ,1OdBSIHjjwA,5 MELHORES CONSELHOS PRA 2025,2024-12-27T18:25:49Z
UCSpUAJw93VIHVn8k-JP8NTQ,UksX2RXuLf8,50% DAS MULHERES POSSUEM UM RESERVA,2023-12-09T15:00:20Z
UCSpUAJw93VIHVn8k-JP8NTQ,YeSIDeLry4s,PARE DE GOSTAR DE MU LHER,2025-07-18T15:51:26Z
UCSpUAJw93VIHVn8k-JP8NTQ,ZyqZUyWbbqE,Termina!,2022-03-18T15:00:14Z
UCSpUAJw93VIHVn8k-JP8NTQ,HgVTtlvA3-Q,HIPERGAMIA - como fazer elas correrem atrás de você,2024-04-03T21:00:08Z
UCSpUAJw93VIHVn8k-JP8NTQ,b_pwbh5R-Ww,Por que você nunca deve pedir em namoro?,2022-06-04T22:00:58Z
UCSpUAJw93VIHVn8k-JP8NTQ,u6HHKnknssQ,A MULHER ERRADA DESTRÓI A VIDA DE UM HOMEM👆🏾,2025-07-19T18:28:26Z
UCSpUAJw93VIHVn8k-JP8NTQ,35KyulUDU88,Não tenha medo de mulher!,2023-01-13T03:00:01Z
UCSpUAJw93VIHVn8k-JP8NTQ,fnEStqQgiY4,VOCÊ PRECISA DE UM PLANO B PRA QUANDO SEU RELACIONAMENTO ACABAR,2024-01-03T21:00:18Z
UCSpUAJw93VIHVn8k-JP8NTQ,vIcRpqiEKWg,Não desperdice sua vida!,2023-03-09T15:00:47Z
UCSpUAJw93VIHVn8k-JP8NTQ,dBPAwO5LEP0,Corra das veganas,2022-04-11T17:02:04Z
UCSpUAJw93VIHVn8k-JP8NTQ,TY3LIyNqzVc,7 MAIORES BURRICES QUE UM HOMEM COMETE COM MULHER,2025-06-18T18:19:43Z
UCSpUAJw93VIHVn8k-JP8NTQ,FGlBoe7xEiE,As Mulheres NÃO Querem Que Você Veja Este Vídeo,2025-05-14T18:00:13Z
UCSpUAJw93VIHVn8k-JP8NTQ,wWxVkCGeVAk,COMO FIZ UMA LAVAGEM CEREBRAL PARA CONSEGUIR RELACIONAMENTO,2025-01-04T15:01:10Z
UCSpUAJw93VIHVn8k-JP8NTQ,kSCaTV90r94,NAMORADA PODE USAR ROUPA CURTA?,2022-08-05T21:00:29Z
UCSpUAJw93VIHVn8k-JP8NTQ,Cpxfag7su2U,Porque O Homem NUNCA Deve VOLTAR Com MULHER Que Terminou,2025-07-05T15:00:30Z
UCSpUAJw93VIHVn8k-JP8NTQ,qEPx5fcm6p0,Quem leva bolo pra festa tem que aprender a dividir 🤷🏾‍♂️,2022-03-07T16:45:47Z
UCSpUAJw93VIHVn8k-JP8NTQ,d3XhX4Ohadw,"MINHA NAMORADA POSTA FOTO DE BIQUÍNI, o que fazer?",2022-02-06T21:00:10Z
UCSpUAJw93VIHVn8k-JP8NTQ,VAbY06nSiIU,HOMEM NÃO PODE ACREDITAR NO AMOR,2025-06-04T21:00:10Z
UCSpUAJw93VIHVn8k-JP8NTQ,zkM3Kg9Mv1Y,Mãe solteira serve pra relacionamento sério?,2022-01-29T21:00:21Z
UCSpUAJw93VIHVn8k-JP8NTQ,0iVAtaJ5Fe0,NÃO VALE A PENA CASAR NO BRASIL,2025-02-01T15:00:01Z
UCSpUAJw93VIHVn8k-JP8NTQ,r7wSB36sS-c,Quer Dar Certo Com Mulher? SEJA CANALHA (é sério),2025-03-11T18:56:24Z
UCSpUAJw93VIHVn8k-JP8NTQ,1rmendRnwrU,Dor de cabeça no relacionamento,2022-04-01T15:00:03Z
UCSpUAJw93VIHVn8k-JP8NTQ,lwxg70LVURQ,HOMEM NÃO BUSCA AMOR EM MULHER,2025-07-29T20:13:23Z
UCSpUAJw93VIHVn8k-JP8NTQ,jHPsoVumrKE,COMO TER SUCESSO COM AS MULHERES EM 2025,2025-04-08T15:00:58Z
UCSpUAJw93VIHVn8k-JP8NTQ,BraCIvQ4QQg,A mulher te manipula assim 👆🏾,2025-01-26T14:19:49Z
UCSpUAJw93VIHVn8k-JP8NTQ,aoyzZujMWb0,Amorim fala a verdade sobre as mulheres modernas!,2023-09-13T21:00:00Z
UCSpUAJw93VIHVn8k-JP8NTQ,JlvYbkHntYM,Por que você não deve mandar nudes para mulher?,2022-06-01T23:30:03Z
UCSpUAJw93VIHVn8k-JP8NTQ,dS_rELeuqJw,CORRA ATRÁS DE DINHEIRO COMO VOCÊ CORRE ATRÁS DE MULHER,2024-08-14T15:00:07Z
UCSpUAJw93VIHVn8k-JP8NTQ,Urku7t9zDMk,Qual o CORPO que a MULHER acha mais atraente no HOMEM,2025-06-05T18:27:34Z
UCSpUAJw93VIHVn8k-JP8NTQ,h0kb1dJifpY,Mulher comprometida não pode fazer isso!,2023-09-15T15:00:37Z
UCSpUAJw93VIHVn8k-JP8NTQ,XRElyC3kVzk,VI MENSAGENS DA MINHA NAMORADA COM OUTROS CARAS,2022-03-22T21:30:02Z
UCSpUAJw93VIHVn8k-JP8NTQ,gHLjD4BwclQ,POSSO PEGAR A FICANTE DO AMIGO?,2022-03-30T22:19:49Z
UCSpUAJw93VIHVn8k-JP8NTQ,TqxJpavSa9Q,PARE DE SER FRACO!,2022-10-27T22:18:08Z
UCSpUAJw93VIHVn8k-JP8NTQ,vpCoc4Ou_lQ,"DEI MANCADA, ELA TERMINOU MAS QUERO VOLTAR O QUE EU FAÇO?",2022-03-31T22:01:45Z
UCSpUAJw93VIHVn8k-JP8NTQ,XNJcL6pyVKg,POR QUE MULHER GOSTA DE BANDIDO?,2025-01-16T19:11:10Z
UCSpUAJw93VIHVn8k-JP8NTQ,jTJ6DVQR7lw,Não se relacione com esses 5 tipos de mulheres!,2022-06-06T21:00:23Z
UCSpUAJw93VIHVn8k-JP8NTQ,pRTyxnUI9jk,MULHER = AÇÚCAR (NÃO PODE COMER TODO DIA),2025-06-23T21:13:11Z
UCSpUAJw93VIHVn8k-JP8NTQ,lSsxOUZLCSg,Porque HOMEM Tem Tanta DIFICULDADE De Conseguir MULHERES,2025-06-22T22:09:35Z
UCSpUAJw93VIHVn8k-JP8NTQ,Wr5WreMbxPs,MULHERES ficam OBCECADAS por homens que se comportam DESSA FORMA (segredo da psicologia feminina),2025-06-19T15:16:44Z
UCSpUAJw93VIHVn8k-JP8NTQ,NdVe221v5IE,CUIDADO COM A MULHER ERRADA,2025-08-13T22:06:25Z
UCSpUAJw93VIHVn8k-JP8NTQ,WtY_2yvj7Lw,7 SINAIS DE QUE VOCÊ É FEITO DE OTÁRIO,2024-11-19T19:00:25Z
UCSpUAJw93VIHVn8k-JP8NTQ,RRKsVuK6oNc,TODO HOMEM DEVERIA FAZER ISSO,2023-02-12T15:00:25Z
UCSpUAJw93VIHVn8k-JP8NTQ,KowxChfkUaY,MULHER NÃO GOSTA DE DINHEIRO,2024-09-03T21:00:06Z
UCSpUAJw93VIHVn8k-JP8NTQ,ueHS9C59TEE,CARACTERÍSTICAS MASCULINAS QUE MAIS DÃO TESÃO NAS MULHERES,2025-03-27T14:01:05Z
UCSpUAJw93VIHVn8k-JP8NTQ,3a73DffRcQc,NÃO NAMORE ANTES DE VER ESSE VÍDEO!,2022-08-13T21:00:01Z
UCSpUAJw93VIHVn8k-JP8NTQ,RXGpA6RxiQA,Seu Último Dia dos Namorados Sozinho | (como aumentar seu VSM),2025-06-13T00:25:55Z
UCSpUAJw93VIHVn8k-JP8NTQ,54LOMmBDQ7s,A MENTALIDADE QUE ME FEZ PEGAR ATÉ GRINGA,2022-12-12T21:00:03Z
UCSpUAJw93VIHVn8k-JP8NTQ,4a3HDcJWjxY,4 COISAS QUE VOCÊ NUNCA DEVE FAZER COM UMA MULHER,2024-10-22T21:00:04Z
UCSpUAJw93VIHVn8k-JP8NTQ,QoiIkwpTGkU,90% DAS MULHERES NÃO AMAM SEUS HOMENS,2025-02-02T15:00:35Z
UCSpUAJw93VIHVn8k-JP8NTQ,ivV-KNcHKe4,MULHERES VÃO TE DEIXAR POBRE SE VOCÊ NÃO FIZER ISSO,2025-09-08T21:23:47Z
UCSpUAJw93VIHVn8k-JP8NTQ,JSDv2CHX-Rs,Ela apagou todas as nossas fotos do instagram,2022-02-08T21:00:07Z
UCSpUAJw93VIHVn8k-JP8NTQ,-HBV6Ek3t0Y,FAÇA ISSO QUANDO ELA PARAR DE TE RESPONDER,2025-08-31T14:24:53Z
UCSpUAJw93VIHVn8k-JP8NTQ,ETIhUX8qZpo,COMO CHAMAR ELA PRA SAIR NO INSTAGRAM,2023-01-31T15:00:14Z
UCSpUAJw93VIHVn8k-JP8NTQ,OQuLJm0fUyU,É Por Isso Que Ela Não Responde Suas Mensagens (A VERDADE BRUTAL),2025-03-14T15:57:44Z
UCSpUAJw93VIHVn8k-JP8NTQ,I9zCdlKDook,A MULHER NÃO SE IMPORTA COM O QUE VOCÊ FAZ POR ELA (pare agora),2025-05-27T18:00:14Z
UCSpUAJw93VIHVn8k-JP8NTQ,V6pQpmJDgWM,NÃO SE RELACIONE COM ESSE TIPO DE MULHER,2023-02-04T21:00:13Z
UCSpUAJw93VIHVn8k-JP8NTQ,k3YXJDpRmTQ,PEGOU A MULHER DO AMIGO E MORREU,2025-07-21T19:26:17Z
UCSpUAJw93VIHVn8k-JP8NTQ,zTVbu_KuxXw,Acorda filho!,2022-03-23T15:00:27Z
UCSpUAJw93VIHVn8k-JP8NTQ,XGzseCC1pqQ,Basta acreditar para realizar!,2023-02-05T21:00:10Z
UCSpUAJw93VIHVn8k-JP8NTQ,UhyMm0SaGjA,A VERDADE SOBRE HOMENS QUE SEGUEM O PRÓPRIO CAMINHO,2024-11-09T12:00:39Z
UCSpUAJw93VIHVn8k-JP8NTQ,bCOxY1jKzRQ,VOCÊ NUNCA SERÁ AMADO,2025-02-07T15:00:48Z
UCSpUAJw93VIHVn8k-JP8NTQ,2odsrrB8dwY,O MELHOR ASSUNTO PARA CONQUISTAR UMA MULHER,2024-12-18T15:21:45Z
UCSpUAJw93VIHVn8k-JP8NTQ,9RBQHDo6UHM,MULHERES - O CAMINHO PARA ACABAR COM SUA VIDA? (esse vídeo vai explodir sua cabeça),2024-11-03T14:00:09Z
UCSpUAJw93VIHVn8k-JP8NTQ,zE0B-g-ywx4,Melhor jeito de ficar com uma casada,2022-05-25T15:00:26Z
UCSpUAJw93VIHVn8k-JP8NTQ,AAc745VP2lM,MULHER TRAI MARIDO COM O PADRE E O QUE TODO HOMEM DEVE APRENDER COM ISSO,2025-10-16T20:39:33Z
UCSpUAJw93VIHVn8k-JP8NTQ,lDuvc3Bliko,NÃO NAMORE MULHER COM INSTAGRAM,2024-09-12T15:00:49Z
UCSpUAJw93VIHVn8k-JP8NTQ,L6jySrTluFM,10 MENTIRAS BRUTAIS QUE OS HOMENS AINDA ACREDITAM,2024-11-05T15:00:31Z
UCSpUAJw93VIHVn8k-JP8NTQ,1SrtXIKmrs0,Porque A MULHER Não Quer Mais Transar Depois Que Casa,2025-09-03T16:18:22Z
UCSpUAJw93VIHVn8k-JP8NTQ,1h1EOSJZfp0,O TIPO DE HOMEM QUE A MULHER DESEJA MUITO (Natureza Brutal),2025-04-10T14:41:11Z
UCSpUAJw93VIHVn8k-JP8NTQ,IuhRwuj1ocw,TOP 7 RED FLAGS FEMININAS QUE TODO HOMEM DEVE SABER,2025-06-25T17:59:07Z
UCSpUAJw93VIHVn8k-JP8NTQ,80Ooy7cFOlQ,AS MULHERES TEM TESÃO NO HOMEM QUE VIVE PRA SI,2025-09-25T18:57:11Z
UCSpUAJw93VIHVn8k-JP8NTQ,fUJPmk4t99k,"TODA MULHER QUE VOCÊ QUER, NÃO TE QUER",2025-04-16T17:20:32Z
UCSpUAJw93VIHVn8k-JP8NTQ,fWj9v6CYe-M,SEX0 DEPOIS DO CASAMENTO É PRA OTÁRI0,2024-12-13T18:13:58Z
UCSpUAJw93VIHVn8k-JP8NTQ,l2cOtXut2K0,ÚNICA FORMA DE COMER ALGUÉM EM 2024,2024-11-26T15:01:00Z
UCSpUAJw93VIHVn8k-JP8NTQ,TTd8wy82vAk,NÃO SEJA SÓ MAIS UM NO BANCO DE RESERVAS DA MULHER,2024-06-03T23:31:20Z
UCSpUAJw93VIHVn8k-JP8NTQ,HFZkXNTH7To,POR QUE MULHERES NUNCA RESPEITAM homens que desejam DORMIR COM ELAS (Segredos da Natureza Feminina),2025-03-19T13:12:53Z
UCSpUAJw93VIHVn8k-JP8NTQ,VczRBRrK_9M,VOCÊ NÃO PRECISA DELA,2024-06-30T15:00:35Z
UCSpUAJw93VIHVn8k-JP8NTQ,moCd8K7wLds,Como Descobrir o PASSADO De Uma Mulher Sem Perguntar Nada,2025-07-02T19:03:57Z
UCSpUAJw93VIHVn8k-JP8NTQ,qq-lWgUAx8M,7 Lições Que Todo Homem Deve Saber Antes De Namorar/Casar (VERDADES BRUTAIS),2025-03-25T14:00:59Z
UCSpUAJw93VIHVn8k-JP8NTQ,O1B_hEFoE3o,NÃO PEGUE G0RDAS,2024-12-23T23:08:23Z
UCSpUAJw93VIHVn8k-JP8NTQ,aHq2w-t5h68,COMO FAZER ELA SE APAIXONAR EM 5 PASSOS - Conteúdo Proibido +18,2024-04-29T21:00:01Z
UCSpUAJw93VIHVn8k-JP8NTQ,TpMezRaR7TQ,5 TÁTICAS DE MANIPULAÇÃO FEMININA EM UMA RELAÇÃO,2024-04-19T21:12:55Z
UCSpUAJw93VIHVn8k-JP8NTQ,yvf4kk0xzpg,5 SINAIS DE QUE ELA TEM PROBLEMAS EMOCIONAIS,2024-11-15T15:29:52Z
UCSpUAJw93VIHVn8k-JP8NTQ,0f3SubWWREw,VOCÊ É O PRÊMIO PRA MULHER 🏆 (ela tem que te agradecer por ter você),2024-11-25T15:00:02Z
UCSpUAJw93VIHVn8k-JP8NTQ,XFOzRE_A2xI,O MAIOR ERRO QUE OS HOMENS COMETEM COM AS MULHERES,2025-03-12T18:00:25Z
UCSpUAJw93VIHVn8k-JP8NTQ,t0LMmvaqY3o,Porque Você NÃO Deveria AMAR MULHERES,2025-07-01T17:42:51Z
UCSpUAJw93VIHVn8k-JP8NTQ,e1iBsqDhY4M,ELA SÓ ESCONDE O CELULAR QUANDO ESTÁ TRAINDO,2023-12-21T15:00:33Z
UCSpUAJw93VIHVn8k-JP8NTQ,aIidzEOQ0lQ,7 COISAS QUE VOCÊ NUNCA DEVE FAZER COM SEU P€NIS,2024-06-26T15:00:01Z
UCSpUAJw93VIHVn8k-JP8NTQ,Bkvt_nRODPM,IGNORE AS MULHERES DESSA FORMA E VEJA ELAS CORRENDO ATRÁS DE VOCÊ,2024-05-22T21:00:10Z
UCSpUAJw93VIHVn8k-JP8NTQ,K1CZOst53ZE,5 COISAS QUE VOCÊ NUNCA DEVE TOLERAR DE UMA MULHER,2024-11-13T16:14:29Z
UCSpUAJw93VIHVn8k-JP8NTQ,d6uwdERYlvQ,MULHER NÃO É UM OBJETIVO,2024-06-28T15:00:40Z
UCSpUAJw93VIHVn8k-JP8NTQ,_M3K3hR7-QM,5 COISAS QUE EU AINDA NÃO ENTENDO SOBRE AS MULHERES,2024-10-30T15:00:46Z
UCSpUAJw93VIHVn8k-JP8NTQ,dPlNF07r7g4,NÃO EXISTE MULHER 100% SOLTEIRA,2024-12-09T15:00:47Z
UCSpUAJw93VIHVn8k-JP8NTQ,0yZbcetqGOU,NUNCA DÊ DINHEIRO PRA UMA MULHER,2024-12-10T15:00:01Z
UCSpUAJw93VIHVn8k-JP8NTQ,Z96TXK9cY6g,CUIDADO COM MULHERES DA IGREJA,2024-10-20T15:00:39Z
UCSpUAJw93VIHVn8k-JP8NTQ,mfHQcl6Rz-Y,NÃO COMA SUA EX,2025-04-04T19:42:30Z
UCSpUAJw93VIHVn8k-JP8NTQ,BtLSBe5bom4,ESQUEÇA A IDEIA DE ENCONTRAR A MULHER CERTA,2025-01-29T15:00:12Z
UCSpUAJw93VIHVn8k-JP8NTQ,All3oUvZWus,TRATE ELA ASSIM E DEIXE ELA MALUCA POR VOCÊ,2024-05-03T20:00:04Z
UCSpUAJw93VIHVn8k-JP8NTQ,DUuVQ2LjdEs,TRAIÇÃO DE GRACYANNE E BELO - Lições que todo homem deve aprender!,2024-04-22T21:00:07Z
UCSpUAJw93VIHVn8k-JP8NTQ,Bv29bXgQ_bU,NÃO SEJA O CAPITÃO SALVA PUT@S,2024-12-04T15:00:24Z
UCSpUAJw93VIHVn8k-JP8NTQ,VZTSPbqQSuE,Dure mais 😈,2022-03-25T15:00:16Z
UCSpUAJw93VIHVn8k-JP8NTQ,ITcMAMpDP2k,Elas criam regras para os betas,2022-05-05T15:00:17Z
UCSpUAJw93VIHVn8k-JP8NTQ,eG5zS3h83eM,Corre dessa mulher!,2022-04-26T17:33:27Z
UCSpUAJw93VIHVn8k-JP8NTQ,PifUzv8CzzI,Nunca namore sem antes tr@nsar,2022-05-11T15:00:12Z
UCSpUAJw93VIHVn8k-JP8NTQ,YavtxHJZVcg,Mc Maneirinho mandou o papo,2022-02-03T15:00:20Z
UCSpUAJw93VIHVn8k-JP8NTQ,n4EJMIbyQtQ,HOMEM QUE NÃO CONSTRÓI SEU VALOR SERÁ DESCARTÁVEL PRAS MULHERES,2025-04-20T14:05:44Z
UCSpUAJw93VIHVn8k-JP8NTQ,HysnJIVXHBI,ESSE É O MELHOR TIPO DE MULHER PARA SE RELACIONAR,2025-02-10T18:00:12Z
UCSpUAJw93VIHVn8k-JP8NTQ,O3Tai907_0o,A REGRA DA PU NHETA,2024-11-24T12:00:24Z
UCSpUAJw93VIHVn8k-JP8NTQ,ehqnTd6vuSo,FAÇA ISSO NO PRIMEIRO ENCONTRO E LEVE ELA PRA CAMA,2024-05-21T21:00:21Z
UCSpUAJw93VIHVn8k-JP8NTQ,sG0DCui-zyw,5 Atitudes Que Fazem Quem Te Rejeitou Implorar Para Voltar,2025-05-13T18:00:49Z
UCSpUAJw93VIHVn8k-JP8NTQ,yLwf_ZLX8Aw,SEU SENTIMENTO PRA MULHER NÃO IMPORTA,2024-12-11T20:00:27Z
UCSpUAJw93VIHVn8k-JP8NTQ,mjZZ81yY640,OLHA O QUE ESSA MULHER DISSE SOBRE MULHERES COM VÁRIOS PARCEIROS DE CAMA,2025-08-09T21:33:18Z
UCSpUAJw93VIHVn8k-JP8NTQ,xrV7GpmkUlQ,Porque Homem NUNCA Deve Demonstrar SENTIMENTOS Pra MULHER,2025-07-07T22:17:25Z
UCSpUAJw93VIHVn8k-JP8NTQ,9ZaRRwh0O3k,Como Largar A DEPENDÊNCIA EMOCIONAL De Uma Mulher,2025-06-26T19:24:22Z
UCSpUAJw93VIHVn8k-JP8NTQ,jgSU8IStE3M,Porque MULHERES São Mais DESAPEGADAS Que Os Homens,2025-07-09T22:13:24Z
UCSpUAJw93VIHVn8k-JP8NTQ,Od1XJnYEBO4,"Quando você NÃO PRECISA de MULHER, você ATRAI TODAS!",2025-07-08T23:57:51Z
UCSpUAJw93VIHVn8k-JP8NTQ,6IMcPPjJNjs,COMO EU PERDI O MEDO DE CHEGAR EM MULHERES,2025-02-05T18:00:04Z
UCSpUAJw93VIHVn8k-JP8NTQ,3GldX8KwjGc,POBRE LOCO OU POBRE CORNO MANSO? (Lições que você e ele deve aprender sobre mulheres),2025-01-22T21:00:02Z
UCSpUAJw93VIHVn8k-JP8NTQ,iILi2OXUlB0,7 COISAS QUE UM HOMEM NÃO DEVE TOLERAR DE UMA MULHER,2024-05-31T15:00:43Z
UCSpUAJw93VIHVn8k-JP8NTQ,K6XwKcil3hc,TODO HOMEM DEVE APRENDER COM O TÉRMINO DA RUIVINHA DE MARTE,2025-06-02T19:22:58Z
